Name,predicted_redox_potential,MW,TopoPSA,LipoaffinityIndex,dipole_moment,nRing,VABC,LUMO,HOMO,nAtom,nHeavyAtom,topoDiameter,capacity_proxy_mAh_g,screen_score,screen_rank,passes_mw,passes_polarity,passes_complexity,passes_electronic,passes_all,pareto_frontier
89324826_b3lyp,1.2978425,175.063328528,57.93,2.1657633975812542,4.77749,1.0,181.91830766315576,-2.241,-10.78,22,13,6.0,306.19183777438303,0.3917585605703943,164,True,True,True,True,True,False
8718_b3lyp_prop_0,1.0008187,174.06807956,34.14,3.017953274754346,1.78311,1.0,188.21753208085585,-1.744,-9.783,23,13,6.0,307.9425155053333,0.3390363971832342,293,True,True,True,True,True,False
8718_b3lyp,0.7556689,136.052429496,34.14,2.056163148148148,0.00219563,1.0,141.60249560485568,-1.79,-10.376,18,10,5.0,393.98754206344285,0.362006444762643,236,True,False,True,True,False,False
86210053_b3lyp_prop_0,1.8977228,196.027277368,81.72,2.1746840457294025,3.54137,1.0,199.66521769398923,-2.904,-10.82,19,15,7.0,273.4464458650854,0.47528329219121096,34,True,True,True,True,True,False
86210053_b3lyp,1.9468415,158.011627304,81.72,1.11094582010582,0.00183835,1.0,153.05018121798915,-3.117,-11.554,14,12,7.0,339.2342905611728,0.5307470102713522,12,True,False,True,False,False,False
8530_b3lyp_prop_3,0.9577532,196.052429496,34.14,3.9515267578420255,1.57067,2.0,194.28012523018924,-1.783,-10.145,23,15,8.0,273.4113646369403,0.30405577537369133,378,True,True,True,True,True,False
8530_b3lyp_prop_2,0.9128617,196.052429496,34.14,4.033479916855631,2.89136,2.0,194.28012523018924,-1.714,-9.55,23,15,7.0,273.4113646369403,0.2958795380289495,390,True,True,True,True,True,False
8530_b3lyp,0.71364594,158.036779432,34.14,3.00611,1.60826,2.0,147.66508875418907,-1.874,-10.412,18,12,5.0,339.1803001905208,0.3112813880330886,367,True,True,True,True,True,False
78494_b3lyp_prop_2,1.0846863,174.06807956,34.14,3.1026015287226003,2.70628,1.0,188.21753208085585,-1.832,-10.198,23,13,7.0,307.9425155053333,0.35431148811608026,250,True,True,True,True,True,False
78494_b3lyp_prop_1,1.0810051,174.06807956,34.14,3.111158341128118,1.33789,1.0,188.21753208085585,-1.829,-10.194,23,13,8.0,307.9425155053333,0.3536410103681631,254,True,True,True,True,True,False
78494_b3lyp_prop_0,1.1190962,174.06807956,34.14,3.0758009136432345,2.25935,1.0,188.21753208085585,-1.843,-9.888,23,13,6.0,307.9425155053333,0.3605786780956335,239,True,True,True,True,True,False
78494_b3lyp,0.9461466,136.052429496,34.14,2.1618859722222226,1.15671,1.0,141.60249560485568,-1.931,-10.432,18,10,5.0,393.98754206344285,0.3966988216146785,160,True,True,True,True,True,False
78362_b3lyp_prop_0,1.9438452,196.027277368,81.72,2.2332012759826148,7.91072,1.0,199.6652176939892,-2.93,-10.869,19,15,8.0,273.4464458650854,0.4836837324072754,25,True,False,True,True,False,False
78362_b3lyp,2.0166073,158.011627304,81.72,1.2039344444444442,5.31355,1.0,153.05018121798912,-3.124,-11.507,14,12,5.0,339.2342905611728,0.5439017183083826,6,True,True,True,True,True,True
73698_b3lyp_prop_3,0.3812176,274.0993796880001,34.14,6.685550676204123,1.19585,3.0,269.5266568829896,-1.511,-9.397,35,21,10.0,195.56031958154625,0.13296332176624895,489,True,False,False,False,False,False
73698_b3lyp_prop_2,0.594172,274.0993796880001,34.14,6.654883894846519,3.03756,3.0,269.5266568829896,-1.336,-9.311,35,21,9.0,195.56031958154625,0.17140632558815502,477,True,False,False,False,False,False
73698_b3lyp_prop_0,0.41000435,274.0993796880001,34.14,6.665832942071891,2.41176,3.0,269.5266568829896,-1.51,-9.232,35,21,10.0,195.56031958154625,0.13829498103332266,488,True,False,False,False,False,False
73698_b3lyp_3,0.5782486,261.078978592,57.93,5.096942899554883,5.04125,3.0,245.9314478394228,-1.954,-9.727,31,20,9.0,205.31320667014205,0.18141911634256658,472,True,True,True,True,True,False
73698_b3lyp_2,0.8851378,261.078978592,57.93,5.072493358764802,4.44334,3.0,245.9314478394228,-1.722,-9.66,31,20,8.0,205.31320667014205,0.23731390842249211,438,True,True,True,True,True,False
73698_b3lyp_0,0.6309991,261.078978592,57.93,5.024897931626355,4.29142,3.0,245.9314478394228,-1.919,-9.907,31,20,9.0,205.31320667014205,0.1910267443304282,463,True,True,True,True,True,False
73698_b3lyp,0.39717084,236.083729624,34.14,5.644517494331065,0.651121,3.0,222.91162040698933,-1.54,-9.473,30,18,7.0,227.05064162727322,0.16552154512682746,478,True,False,True,False,False,False
73507565_b3lyp_prop_1,1.2174739,204.042258736,52.60000000000001,2.064566223781179,2.4664,2.0,193.44152678117808,-1.949,-9.228,23,15,8.0,262.70519950596633,0.34294598107758417,277,True,True,True,True,True,False
73507565_b3lyp_prop_0,1.3236024,204.042258736,52.60000000000001,2.0038222548185933,2.41053,2.0,193.44152678117808,-2.03,-9.273,23,15,7.0,262.70519950596633,0.36227554386082544,234,True,True,True,True,True,False
73507565_b3lyp,1.1559659,166.026608672,52.60000000000001,1.022937638888889,1.2895,2.0,146.82649030517788,-2.115,-9.366,18,12,5.0,322.85765948990866,0.3790152238741098,187,True,True,True,True,True,False
71362029_b3lyp,1.4246249,147.0320284,57.93,1.5529538605442177,4.56008,1.0,147.3263384114224,-2.498,-10.977,16,11,6.0,364.56657010173495,0.46072472312413937,48,True,True,True,True,True,False
70500537_b3lyp,1.1672888,149.011292956,60.17,1.1757768981481482,2.38936,2.0,118.20058048611683,-2.45,-11.179,14,11,5.0,359.72416066959937,0.410049711124972,124,True,True,True,True,True,False
70407085_b3lyp_prop_1,1.4369732,187.02694302,67.16,2.202264945672713,4.70359,1.0,185.4356169621169,-2.484,-10.645,19,14,8.0,286.60556293836646,0.40170670813330134,143,True,True,True,True,True,False
70407085_b3lyp,1.4940981,149.011292956,67.16,1.195645634920635,3.25249,1.0,138.82058048611682,-2.644,-11.137,14,11,6.0,359.72416066959937,0.4695726379323756,41,True,True,True,True,True,True
70291_b3lyp,0.72045887,150.06807956,34.14,2.3320224074074067,1.07679,1.0,158.89848023072238,-1.699,-10.294,21,11,5.0,357.1909659006293,0.32667626202925704,328,True,True,True,True,True,False
68487052_b3lyp,1.489719,110.036779432,34.14,0.5843914814814811,0.29933,2.0,99.92698505392234,-2.342,-10.703,14,8,5.0,487.1367788623275,0.565868975090307,5,True,False,True,True,False,True
68241_b3lyp,0.773106,136.052429496,34.14,2.05111462962963,1.89566,1.0,141.60249560485568,-1.808,-10.374,18,10,5.0,393.98754206344285,0.36518232924788774,230,True,True,True,True,True,False
68238_b3lyp,0.673275,164.083729624,34.14,2.60562,0.0929115,1.0,176.19446485658904,-1.593,-10.206,24,12,5.0,326.6805454247095,0.29410533956127705,392,True,False,True,True,False,False
6780_b3lyp,0.5537405,208.052429496,34.14,4.579536666666666,0.0020204,3.0,188.319651155256,-1.697,-10.241,24,16,7.0,257.6416070638553,0.21807859548319986,448,True,False,True,True,False,False
6773_b3lyp_prop_5,0.44647345,260.08372962400006,34.14,6.191442752398799,1.52371,3.0,252.2306722571228,-1.578,-9.532,32,20,10.0,206.0988681082898,0.15706071924897835,483,True,False,False,True,False,False
6773_b3lyp_prop_4,0.49248865,260.08372962400006,34.14,6.191859279662304,0.79783,3.0,252.2306722571228,-1.577,-9.542,32,20,11.0,206.0988681082898,0.16427974426990843,479,True,False,False,True,False,False
6773_b3lyp_prop_2,0.46902505,260.08372962400006,34.14,6.177258452748384,2.10733,3.0,252.2306722571228,-1.598,-9.432,32,20,10.0,206.0988681082898,0.1612318598675818,482,True,False,False,True,False,False
6773_b3lyp_prop_0,0.73848784,260.08372962400006,34.14,6.148115672713531,2.58323,3.0,252.2306722571228,-1.498,-9.283,32,20,9.0,206.0988681082898,0.21044105283636425,453,True,False,False,True,False,False
6773_b3lyp,0.45004922,222.06807956,34.14,5.147698514266818,0.998149,3.0,205.61563578112265,-1.612,-9.928,27,17,8.0,241.38076212977762,0.18641405721075027,468,True,True,True,True,True,False
67210468_b3lyp_prop_5,1.2125254,212.047344116,47.28,3.560063361678004,2.9537,2.0,203.07035193075035,-1.961,-9.522,24,16,8.0,252.78770885979836,0.33425085863449516,305,True,True,True,True,True,False
67210468_b3lyp_prop_4,1.3241528,212.047344116,47.28,3.5572232813681026,1.58193,2.0,203.07035193075035,-2.038,-9.457,24,16,9.0,252.78770885979836,0.3545819582638973,247,True,True,True,True,True,False
67210468_b3lyp_prop_3,1.3838619,212.047344116,47.28,3.554577773053665,3.14747,2.0,203.07035193075035,-1.953,-9.161,24,16,7.0,252.78770885979836,0.3654569747147793,229,True,True,True,True,True,False
67210468_b3lyp_prop_2,1.2008985,212.047344116,47.28,3.628041897675737,1.70374,2.0,203.07035193075035,-2.053,-9.179,24,16,8.0,252.78770885979836,0.3321332099137539,309,True,True,True,True,True,False
67210468_b3lyp_prop_1,1.2583139,212.047344116,47.28,3.642314400667675,3.46225,2.0,203.07035193075035,-2.021,-9.021,24,16,9.0,252.78770885979836,0.34259047231056633,279,True,True,True,True,True,False
67210468_b3lyp_prop_0,1.188563,212.047344116,47.28,3.646154215482489,1.87629,2.0,203.07035193075035,-2.142,-9.225,24,16,9.0,252.78770885979836,0.3298865022359127,315,True,True,True,True,True,False
67210468_b3lyp,1.2244478,174.031694052,47.28,2.584487230725624,1.00126,2.0,156.4553154547502,-2.15,-9.569,19,13,6.0,308.0068982887251,0.37981733583483673,184,True,True,True,True,True,False
6699_b3lyp_prop_4,1.0086377,430.1205090560005,52.6,10.204066418835826,2.08939,5.0,397.7352869363798,-1.468,-9.117,51,33,15.0,124.62312575267117,0.05483687454570618,492,True,False,False,True,False,False
6699_b3lyp_prop_2,0.9690248,430.1205090560005,52.6,10.190888837280076,0.889675,5.0,397.7352869363798,-1.569,-8.898,51,33,15.0,124.62312575267117,0.04626004697798369,494,True,False,False,False,False,False
6699_b3lyp_prop_10,1.0204341,430.1205090560005,52.6,10.24804318795803,1.93107,5.0,397.7352869363798,-1.474,-9.157,51,33,17.0,124.62312575267117,0.048544129729278046,493,True,False,False,True,False,False
6699_b3lyp_prop_0,1.0193512,430.1205090560005,52.6,10.179581512352945,3.06022,5.0,397.7352869363798,-1.349,-8.919,51,33,15.0,124.62312575267117,0.05548348440567474,491,True,False,False,False,False,False
6699_b3lyp,1.0779796,392.10485899200046,52.6,9.20474727639887,0.13742,5.0,351.1202504603796,-1.522,-9.183,46,30,15.0,136.70568231847,0.10848810277242282,490,True,False,False,True,False,False
66787266_b3lyp,1.3124093,161.047678464,57.93,1.8506735364701432,4.58721,1.0,164.62232303728905,-2.399,-10.889,19,12,6.0,332.8390871580996,0.4153528788577212,110,True,True,True,True,True,False
616789_b3lyp_prop_5,0.4178183,274.0993796880001,34.14,6.639318424456201,2.09551,3.0,269.5266568829896,-1.571,-9.539,35,21,10.0,195.56031958154625,0.13983734446095167,487,True,False,False,False,False,False
616789_b3lyp_prop_4,0.4606988,274.0993796880001,34.14,6.641637417501347,1.28939,3.0,269.5266568829896,-1.572,-9.526,35,21,11.0,195.56031958154625,0.1464769027526562,485,True,False,False,True,False,False
616789_b3lyp_prop_3,0.65039873,274.0993796880001,34.14,6.610175644421349,2.76098,3.0,269.5266568829896,-1.373,-9.408,35,21,10.0,195.56031958154625,0.182329012007161,471,True,False,False,False,False,False
616789_b3lyp_prop_2,0.47647613,274.0993796880001,34.14,6.603797060316411,2.34678,3.0,269.5266568829896,-1.582,-9.399,35,21,10.0,195.56031958154625,0.1506805552024278,484,True,False,False,True,False,False
616789_b3lyp_prop_1,0.4462375,274.0993796880001,34.14,6.621960545766147,1.87955,3.0,269.5266568829896,-1.566,-9.514,35,21,10.0,195.56031958154625,0.14509144587316658,486,True,False,False,True,False,False
616789_b3lyp_prop_0,0.62670445,274.0993796880001,34.14,6.601638368764172,2.97737,3.0,269.5266568829896,-1.355,-9.215,35,21,9.0,195.56031958154625,0.17790935734211163,473,True,False,False,False,False,False
616789_b3lyp_7,0.9502473,261.078978592,57.93,5.017216661155203,3.44745,3.0,245.9314478394228,-1.812,-10.078,31,20,8.0,205.31320667014205,0.24917253562261876,431,True,True,True,True,True,False
616789_b3lyp_6,0.65672684,261.078978592,57.93,5.045038507889266,4.41316,3.0,245.9314478394228,-2.027,-10.129,31,20,9.0,205.31320667014205,0.19571262308409032,460,True,True,True,True,True,False
616789_b3lyp_5,0.62629485,261.078978592,57.93,5.053478839010032,5.05576,3.0,245.9314478394228,-2.02,-10.132,31,20,10.0,205.31320667014205,0.19016994246294316,465,True,True,True,True,True,False
616789_b3lyp_4,1.0053813,261.078978592,57.93,5.02894681697216,4.78679,3.0,245.9314478394228,-1.84,-10.086,31,20,9.0,205.31320667014205,0.25921429404070195,422,True,True,True,True,True,False
616789_b3lyp_3,0.670387,261.078978592,57.93,4.944011309130134,3.93766,3.0,245.9314478394228,-2.023,-10.312,31,20,9.0,205.31320667014205,0.1982006103639823,457,True,True,True,True,True,False
616789_b3lyp_2,0.6665993,261.078978592,57.93,4.989827114118796,4.5149,3.0,245.9314478394228,-2.02,-10.325,31,20,9.0,205.31320667014205,0.19751073130419072,458,True,True,True,True,True,False
616789_b3lyp_1,0.93659306,261.078978592,57.93,5.000165455325648,4.89994,3.0,245.9314478394228,-1.807,-10.223,31,20,8.0,205.31320667014205,0.24668563612749395,433,True,True,True,True,True,False
616789_b3lyp_0,0.85434866,261.078978592,57.93,4.896829632779037,2.41576,3.0,245.9314478394228,-1.643,-10.261,31,20,9.0,205.31320667014205,0.23170618423273381,443,True,True,True,True,True,False
616789_b3lyp,0.44276303,236.083729624,34.14,5.605009019982994,0.936601,3.0,222.91162040698933,-1.603,-9.877,30,18,8.0,227.05064162727322,0.17382541091719458,475,True,True,True,True,True,False
599944_b3lyp_prop_4,1.0353497,212.083729624,34.14,3.7712258694727896,1.84352,2.0,225.1125685568559,-1.794,-9.78,28,16,8.0,252.74434009587046,0.30194714964582103,381,True,True,True,True,True,False
599944_b3lyp_prop_3,1.0305195,212.083729624,34.14,3.892971946334089,1.60371,2.0,225.1125685568559,-1.787,-9.919,28,16,7.0,252.74434009587046,0.30106739999009746,383,True,True,True,True,True,False
599944_b3lyp_prop_2,0.81500864,212.083729624,34.14,3.56899308909675,1.87396,2.0,225.1125685568559,-1.865,-9.303,28,16,8.0,252.74434009587046,0.2618156552429356,420,True,True,True,True,True,False
599944_b3lyp_prop_1,0.8707752,212.083729624,34.14,3.561424061318972,1.73957,2.0,225.1125685568559,-1.872,-9.284,28,16,8.0,252.74434009587046,0.2719726294393696,413,True,True,True,True,True,False
599944_b3lyp_prop_0,1.0927825,212.083729624,34.14,4.078470314625851,2.24919,2.0,225.1125685568559,-1.721,-9.956,28,16,7.0,252.74434009587046,0.31240758598996776,365,True,True,True,True,True,False
599944_b3lyp,0.87790513,174.06807956,34.14,2.843092037037037,0.88899,2.0,178.4975320808558,-1.887,-9.882,23,13,5.0,307.9425155053333,0.31664971216946314,355,True,True,True,True,True,False
59350876_b3lyp_prop_3,1.0720725,198.06807956,34.14,3.04622036824452,1.01455,2.0,207.81658393098928,-1.797,-9.536,25,15,8.0,270.6289797324518,0.3226905651677384,340,True,True,True,True,True,False
59350876_b3lyp_prop_2,1.0881356,198.06807956,34.14,3.03740362079554,2.22168,2.0,207.81658393098928,-1.797,-9.55,25,15,8.0,270.6289797324518,0.3256161995518937,330,True,True,True,True,True,False
59350876_b3lyp_prop_1,1.10287,198.06807956,34.14,3.185752787226001,2.74958,2.0,207.81658393098928,-1.861,-9.645,25,15,7.0,270.6289797324518,0.3282998241770997,322,True,True,True,True,True,False
59350876_b3lyp,0.7726711,160.052429496,34.14,2.0805927314814814,2.36507,2.0,161.20154745498914,-1.892,-9.652,20,12,5.0,334.90876994296747,0.31867498585326715,350,True,True,True,True,True,False
59350869_b3lyp_prop_2,1.1183791,198.06807956,34.14,3.0612051884920635,1.8428,2.0,207.81658393098928,-1.884,-9.619,25,15,7.0,270.6289797324518,0.3311245478976502,311,True,True,True,True,True,False
59350869_b3lyp_prop_1,1.1362907,198.06807956,34.14,3.1924722779667416,1.397,2.0,207.81658393098928,-1.955,-9.718,25,15,7.0,270.6289797324518,0.3343868442166581,304,True,True,True,True,True,False
59350869_b3lyp_prop_0,0.97466016,198.06807956,34.14,2.8774220804988664,2.50511,2.0,207.81658393098928,-1.954,-9.046,25,15,7.0,270.6289797324518,0.3049485273946061,375,True,True,True,True,True,False
59350869_b3lyp,0.8468045,160.052429496,34.14,2.09464875,1.02063,2.0,161.20154745498914,-1.987,-9.735,20,12,5.0,334.90876994296747,0.3321771664295916,308,True,True,True,True,True,False
5766_b3lyp_prop_3,0.9261725,197.047678464,47.03,3.300394426020408,2.90834,2.0,187.98090081248924,-2.083,-10.049,22,15,8.0,272.0304177482709,0.29721864019159927,389,True,True,True,True,True,False
5766_b3lyp,1.0304768,159.0320284,47.03,2.259948981481482,1.56299,2.0,141.3658643364891,-2.199,-10.532,17,12,5.0,337.05765328016713,0.36731878889138847,222,True,True,True,True,True,False
57194585_b3lyp_prop_2,1.5128454,188.047344116,51.21,2.150651930272108,2.12335,1.0,194.3713000806169,-2.186,-9.978,22,14,7.0,285.05035548825964,0.4143033800942609,111,True,True,True,True,True,False
57194585_b3lyp_prop_1,1.2818906,188.047344116,51.21,2.1647206143707485,4.88279,1.0,194.3713000806169,-2.171,-10.342,22,14,8.0,285.05035548825964,0.3722387729508588,206,True,True,True,True,True,False
57194585_b3lyp_prop_0,1.4336559,188.047344116,51.21,2.166715478552532,4.89888,1.0,194.3713000806169,-2.165,-10.313,22,14,9.0,285.05035548825964,0.3998803077561566,148,True,True,True,True,True,False
57194585_b3lyp,0.9153851,150.031694052,51.21,1.2095271362433866,3.02694,1.0,147.75626360461678,-2.277,-10.428,17,11,6.0,357.2775914288514,0.3622469359675819,235,True,True,True,True,True,False
57123206_b3lyp_prop_2,1.0779543,186.06807956,34.14,3.847609866780045,2.90628,1.0,202.8770580059225,-1.934,-10.07,24,14,7.0,288.0825255769028,0.33747802625747414,298,True,True,True,True,True,False
57123206_b3lyp,0.88845396,148.052429496,34.14,2.846030462962964,0.988694,1.0,156.26202152992238,-2.043,-10.189,19,11,5.0,362.05391881351807,0.36109543988013104,238,True,True,True,True,True,False
56972288_b3lyp_prop_2,1.2037059,188.047344116,43.370000000000005,3.4074787346466366,4.4723,1.0,194.3713000806169,-2.079,-9.83,22,14,8.0,285.05035548825964,0.35799871667453737,243,True,True,True,True,True,False
56972288_b3lyp_prop_0,1.269729,188.047344116,43.370000000000005,3.425426211262282,0.838605,1.0,194.3713000806169,-2.129,-9.252,22,14,7.0,285.05035548825964,0.3700237451417157,208,True,True,True,True,True,False
56972288_b3lyp,1.1213413,150.031694052,43.370000000000005,2.40151998393802,2.31198,1.0,147.75626360461683,-2.188,-9.949,17,11,6.0,357.2775914288514,0.39975846350588146,150,True,True,True,True,True,False
53700101_b3lyp,1.3274137,164.988449336,75.27,0.4770900720164606,1.97148,2.0,127.91937784315576,-2.332,-10.291,14,11,5.0,324.8891816646275,0.4118381142261082,118,True,False,True,True,False,False
45082930_b3lyp_prop_1,1.8322983,188.047344116,51.21,2.466760194633409,3.35161,1.0,194.3713000806169,-2.102,-9.974,22,14,6.0,285.05035548825964,0.47248645409175843,38,True,True,True,True,True,False
45082930_b3lyp_prop_0,1.7510947,188.047344116,51.21,2.439516309523809,4.83959,1.0,194.3713000806169,-2.243,-10.071,22,14,7.0,285.05035548825964,0.45769654496738404,52,True,True,True,True,True,False
45082930_b3lyp,1.0738498,150.031694052,51.21,1.4505163303099016,3.37384,1.0,147.75626360461678,-2.359,-10.393,17,11,6.0,357.2775914288514,0.39110866725839916,166,True,True,True,True,True,False
45079186_b3lyp_prop_2,1.221681,170.036779432,34.14,2.9214505083144364,2.64549,1.0,182.9446146792557,-2.06,-10.302,19,13,7.0,315.2433401052825,0.385000297933715,174,True,True,True,True,True,False
45079186_b3lyp_prop_0,1.3766513,170.036779432,34.14,2.93739936318972,2.18388,1.0,182.9446146792557,-2.097,-9.818,19,13,6.0,315.2433401052825,0.4132255708276206,115,True,True,True,True,True,False
45079186_b3lyp,1.2193639,132.021129368,34.14,1.91313,0.513824,1.0,136.32957820325572,-2.181,-10.661,14,10,5.0,406.01805593916896,0.4559152454800896,57,True,False,True,True,False,False
44131424_b3lyp_prop_0,1.1406714,188.047344116,43.370000000000005,1.9132748705593348,2.20499,2.0,184.6513000806169,-2.207,-10.145,22,14,7.0,285.05035548825964,0.3465180276257703,269,True,True,True,True,True,False
44131424_b3lyp,1.03111,150.031694052,43.370000000000005,0.8861916666666665,1.66121,2.0,138.0362636046168,-2.314,-10.04,17,11,5.0,357.2775914288514,0.38332433045305553,177,True,True,True,True,True,False
4055_b3lyp_prop_3,0.6692282,210.06807956,34.14,4.381631717450869,3.09769,2.0,211.57610985605592,-1.702,-9.629,26,16,8.0,255.16947839559185,0.2371699943717121,439,True,True,True,True,True,False
4055_b3lyp_prop_1,0.84192884,210.06807956,34.14,4.355362995323129,1.6898,2.0,211.57610985605592,-1.6,-9.473,26,16,8.0,255.16947839559185,0.26862457241374244,415,True,True,True,True,True,False
4055_b3lyp_prop_0,0.89295745,210.06807956,34.14,4.26122657265684,0.514034,2.0,211.57610985605592,-1.702,-9.736,26,16,8.0,255.16947839559185,0.27791859056311835,412,True,False,True,True,False,False
4055_b3lyp_4,1.1899532,197.047678464,57.93,2.876170838057445,2.49343,2.0,187.98090081248924,-2.099,-10.668,22,15,6.0,272.0304177482709,0.3452619359326805,272,True,True,True,True,True,False
4055_b3lyp_3,0.9311161,197.047678464,57.93,2.872420036848073,2.9281,2.0,187.98090081248924,-2.192,-10.757,22,15,7.0,272.0304177482709,0.2981190279555763,386,True,True,True,True,True,False
4055_b3lyp_2,0.9050777,197.047678464,57.93,2.869885122118292,3.98637,2.0,187.98090081248924,-2.203,-10.753,22,15,8.0,272.0304177482709,0.2933765694928612,393,True,True,True,True,True,False
4055_b3lyp_1,1.2312983,197.047678464,57.93,2.8721089106198034,4.48746,2.0,187.98090081248924,-2.091,-10.665,22,15,7.0,272.0304177482709,0.3527922675443138,257,True,True,True,True,True,False
4055_b3lyp_0,1.2574784,197.047678464,57.93,3.033354968820861,5.23446,2.0,187.98090081248924,-2.241,-10.662,22,15,7.0,272.0304177482709,0.3575605348182167,244,True,True,True,True,True,False
4055_b3lyp,0.663131,172.052429496,34.14,3.320909351851851,1.33774,2.0,164.96107338005578,-1.747,-10.334,21,13,6.0,311.55016204020006,0.2803672870990258,409,True,True,True,True,True,False
388306_b3lyp_prop_4,1.1613204,197.047678464,47.03,3.345396185279667,3.25984,2.0,187.98090081248924,-1.955,-10.043,22,15,8.0,272.0304177482709,0.34004696164850845,287,True,True,True,True,True,False
388306_b3lyp_prop_3,1.36841,197.047678464,47.03,3.257651387471656,3.5065,2.0,187.98090081248924,-1.956,-10.272,22,15,8.0,272.0304177482709,0.377764885170504,191,True,True,True,True,True,False
388306_b3lyp_prop_2,1.3072921,197.047678464,47.03,3.263295060941043,0.75999,2.0,187.98090081248924,-1.946,-10.268,22,15,8.0,272.0304177482709,0.366633270723864,225,True,True,True,True,True,False
388306_b3lyp_3,1.4042317,184.027277368,70.82,1.9250481037414968,4.25384,2.0,164.38569176892253,-2.5,-10.952,18,14,7.0,291.2772663679573,0.39941469603653396,152,True,True,True,True,True,False
388306_b3lyp_2,1.6674563,184.027277368,70.82,2.0415683635676487,4.35487,2.0,164.38569176892253,-2.551,-10.941,18,14,7.0,291.2772663679573,0.447356738387303,63,True,True,True,True,True,False
388306_b3lyp_1,1.6608894,184.027277368,70.82,2.0579118669690093,5.58466,2.0,164.38569176892253,-2.548,-10.944,18,14,7.0,291.2772663679573,0.4461606817829176,66,True,True,True,True,True,False
388306_b3lyp,1.2295954,159.0320284,47.03,2.304950740740741,2.16741,2.0,141.3658643364891,-2.064,-10.576,17,12,5.0,337.05765328016713,0.4035849518829122,139,True,True,True,True,True,False
346879_b3lyp_prop_0,0.59669995,274.0993796880001,34.14,6.715045683132821,1.82943,3.0,269.5266568829896,-1.42,-9.23,35,21,10.0,195.56031958154625,0.17207730850981584,476,True,False,False,True,False,False
346879_b3lyp_2,0.59203315,261.078978592,57.93,5.124189419800327,4.44938,3.0,245.9314478394228,-1.93,-10.119,31,20,9.0,205.31320667014205,0.183929738486312,470,True,True,True,True,True,False
346879_b3lyp_1,0.9726292,261.078978592,57.93,5.126001885576761,3.68929,3.0,245.9314478394228,-1.828,-10.068,31,20,9.0,205.31320667014205,0.2532490164880973,428,True,True,True,True,True,False
346879_b3lyp_0,0.96029806,261.078978592,57.93,5.1080977288832194,3.69678,3.0,245.9314478394228,-1.842,-10.073,31,20,9.0,205.31320667014205,0.25100311347296056,429,True,True,True,True,True,False
346879_b3lyp,0.37400734,236.083729624,34.14,5.716738576887545,0.0118374,3.0,222.91162040698933,-1.525,-9.84,30,18,9.0,227.05064162727322,0.16130269856730292,481,True,False,True,False,False,False
297370_b3lyp_prop_0,1.057971,202.099379688,34.14,3.7730122316704455,1.89301,1.0,222.80950133258915,-1.727,-9.813,29,15,7.0,265.2307116015936,0.3158798886191558,356,True,True,True,True,True,False
297370_b3lyp_2,1.3679408,189.078978592,57.93,2.5435826190476183,3.6372,1.0,199.21429228902247,-2.302,-10.757,25,14,7.0,283.4950912473189,0.3866891643388668,170,True,True,True,True,True,False
297370_b3lyp,0.8333677,164.083729624,34.14,2.878952832577475,0.00137008,1.0,176.19446485658904,-1.775,-10.279,24,12,7.0,326.6805454247095,0.3232635741575295,338,True,False,True,True,False,False
2818090_b3lyp_1,1.3678204,189.078978592,57.93,2.5435826190476183,3.64105,1.0,199.21429228902247,-2.301,-10.757,25,14,7.0,283.4950912473189,0.38666722982958945,171,True,True,True,True,True,False
2818090_b3lyp,0.83321023,164.083729624,34.14,2.878952832577475,0.00160455,1.0,176.19446485658904,-1.775,-10.279,24,12,7.0,326.6805454247095,0.32323488942223133,339,True,False,True,True,False,False
2764161_b3lyp_prop_5,0.5439523,285.0789785920001,57.93,5.404675843835264,3.25962,3.0,275.25049968955625,-1.833,-9.761,33,22,10.0,188.02846338805108,0.16135720601083686,480,True,True,False,True,False,False
2764161_b3lyp_prop_4,0.73021626,285.0789785920001,57.93,5.37553306380041,4.95607,3.0,275.25049968955625,-1.742,-9.66,33,22,10.0,188.02846338805108,0.19528212090732505,461,True,True,False,True,False,False
2764161_b3lyp_prop_3,0.7344152,285.0789785920001,57.93,5.43181222814719,3.68787,3.0,275.25049968955625,-1.736,-9.553,33,22,12.0,188.02846338805108,0.1907650758708386,464,True,True,False,True,False,False
2764161_b3lyp_prop_0,0.6668308,285.0789785920001,57.93,5.464306853879074,4.90245,3.0,275.25049968955625,-1.823,-9.705,33,22,13.0,188.02846338805108,0.174333886253627,474,True,True,False,True,False,False
2764161_b3lyp_5,1.0718149,272.05857749600005,81.72,3.8342599370682353,6.53796,3.0,251.65529064598948,-2.165,-10.584,29,21,10.0,197.02728280889062,0.2648024225897135,419,True,False,True,True,False,False
2764161_b3lyp_4,0.763664,272.05857749600005,81.72,3.815534650472116,3.93753,3.0,251.65529064598948,-2.26,-10.605,29,21,10.0,197.02728280889062,0.20867782480185645,455,True,True,True,True,True,False
2764161_b3lyp_3,1.096536,272.05857749600005,81.72,3.799442959555008,4.05584,3.0,251.65529064598948,-2.177,-10.588,29,21,10.0,197.02728280889062,0.2693049723572077,414,True,True,True,True,True,False
2764161_b3lyp_2,1.0802524,272.05857749600005,81.72,3.8804304517261694,5.80268,3.0,251.65529064598948,-2.177,-10.563,29,21,11.0,197.02728280889062,0.26517916430216776,417,True,True,False,True,False,False
2764161_b3lyp_1,1.0357109,272.05857749600005,81.72,3.874429848386158,2.64737,3.0,251.65529064598948,-2.18,-10.566,29,21,10.0,197.02728280889062,0.25822667426531926,423,True,True,True,True,True,False
2764161_b3lyp_0,0.7746841,272.05857749600005,81.72,3.896522142643278,0.790745,3.0,251.65529064598948,-2.271,-10.611,29,21,11.0,197.02728280889062,0.20952495146971695,454,True,True,False,True,False,False
2764161_b3lyp,0.5503918,247.063328528,57.93,4.436826666880531,3.69347,3.0,228.63546321355605,-1.87,-10.351,28,19,10.0,216.9604150006989,0.1854986279682978,469,True,True,True,True,True,False
265508_b3lyp_prop_3,1.0313771,211.063328528,47.03,3.722604810090702,3.64549,2.0,205.27688543835595,-1.96,-10.243,25,16,8.0,253.96625109026382,0.3021838549661523,380,True,True,True,True,True,False
265508_b3lyp_prop_2,1.0695374,211.063328528,47.03,3.726810463487864,1.56349,2.0,205.27688543835595,-1.953,-10.26,25,16,9.0,253.96625109026382,0.3091341290759927,369,True,True,True,True,True,False
265508_b3lyp_prop_1,0.9946637,211.063328528,47.03,3.783414858276644,1.257,2.0,205.27688543835595,-1.85,-9.787,25,16,7.0,253.96625109026382,0.2954971227931863,391,True,True,True,True,True,False
265508_b3lyp_3,1.3728024,198.042927432,70.82,2.479912836356765,3.62364,2.0,181.68167639478924,-2.55,-10.748,21,15,7.0,270.6633505369385,0.37749056405206294,194,True,True,True,True,True,False
265508_b3lyp_2,1.372502,198.042927432,70.82,2.495097456301965,4.9921,2.0,181.68167639478924,-2.557,-10.751,21,15,8.0,270.6633505369385,0.37743584698815913,195,True,True,True,True,True,False
265508_b3lyp_1,1.3739567,198.042927432,70.82,2.355333446712018,4.90311,2.0,181.68167639478924,-2.365,-10.779,21,15,6.0,270.6633505369385,0.37770078963418574,192,True,True,True,True,True,False
265508_b3lyp_0,1.3730726,198.042927432,70.82,2.305944881897203,1.73897,2.0,181.68167639478924,-2.406,-10.744,21,15,6.0,270.6633505369385,0.3775397974886474,193,True,True,True,True,True,False
265508_b3lyp,0.825721,173.047678464,47.03,2.777482626606198,1.76293,2.0,158.6618489623558,-2.063,-10.42,20,13,6.0,309.75834385458217,0.30857224669277583,370,True,True,True,True,True,False
24973987_b3lyp_prop_2,0.8276417,216.024500496,62.38,2.3785567741927016,2.77332,2.0,198.12962336272253,-1.911,-9.488,23,15,8.0,248.1337170821577,0.26049323129617274,421,True,True,True,True,True,False
24973987_b3lyp_prop_1,0.9274607,216.024500496,62.38,2.449690130385488,2.76783,2.0,198.12962336272253,-1.855,-9.186,23,15,7.0,248.1337170821577,0.2786736016269833,411,True,True,True,True,True,False
24973987_b3lyp_prop_0,1.0074004,216.024500496,62.38,2.365274959897539,0.839841,2.0,198.12962336272253,-1.912,-9.624,23,15,7.0,248.1337170821577,0.29323330271207393,395,True,True,True,True,True,False
24973987_b3lyp_2,0.98221016,203.0040994,86.16999999999999,0.8063355126186278,3.48921,2.0,174.53441431915584,-2.424,-10.228,19,14,7.0,264.04866920085897,0.30115236460022643,382,True,False,True,True,False,False
24973987_b3lyp_1,1.2041817,203.0040994,86.16999999999999,0.9341172372344002,2.81868,2.0,174.53441431915584,-2.289,-10.125,19,14,6.0,264.04866920085897,0.34158082424454406,284,True,False,True,True,False,False
24973987_b3lyp_0,1.2697722,203.0040994,86.16999999999999,1.1100195993953137,4.89114,2.0,174.53441431915584,-2.42,-10.035,19,14,6.0,264.04866920085897,0.35352704047016814,255,True,False,True,True,False,False
24973987_b3lyp,0.81935036,178.008850432,62.38,1.542785936213991,1.01355,2.0,151.51458688672238,-1.968,-9.709,18,12,5.0,301.1252651696968,0.3006274609908085,384,True,True,True,True,True,False
23162507_b3lyp_prop_3,1.0572133,200.083729624,34.14,3.07020623606387,1.48426,2.0,210.4530426317892,-1.721,-10.156,27,15,8.0,267.90265450179425,0.31784168394621365,351,True,True,True,True,True,False
23162507_b3lyp_prop_2,0.86095035,200.083729624,34.14,3.051850853410808,1.34293,2.0,210.4530426317892,-1.765,-10.264,27,15,8.0,267.90265450179425,0.28209563108499996,407,True,True,True,True,True,False
23162507_b3lyp_prop_1,1.0270196,200.083729624,34.14,3.073471935941043,2.09219,2.0,210.4530426317892,-1.702,-10.172,27,15,7.0,267.90265450179425,0.312342395506463,366,True,True,True,True,True,False
23162507_b3lyp_prop_0,1.0824456,200.083729624,34.14,2.9643641846182915,1.00011,2.0,210.4530426317892,-1.718,-9.72,27,15,7.0,267.90265450179425,0.322437336168847,341,True,True,True,True,True,False
23162507_b3lyp_3,1.3029145,187.063328528,57.93,1.5744363643235069,4.33761,2.0,186.8578335882225,-2.115,-10.702,23,14,7.0,286.54981556615195,0.37724630234835344,197,True,True,True,True,True,False
23162507_b3lyp_2,1.0461459,187.063328528,57.93,1.4990458418367345,3.50058,2.0,186.8578335882225,-2.084,-10.702,23,14,7.0,286.54981556615195,0.3304801553308745,314,True,True,True,True,True,False
23162507_b3lyp_1,1.2558388,187.063328528,57.93,1.579809449168556,2.4651,2.0,186.8578335882225,-2.078,-10.7,23,14,6.0,286.54981556615195,0.36867223380205827,213,True,True,True,True,True,False
23162507_b3lyp_0,1.4136761,187.063328528,57.93,1.7823061470143606,4.73831,2.0,186.8578335882225,-2.293,-10.663,23,14,6.0,286.54981556615195,0.3974197029888411,157,True,True,True,True,True,False
23162507_b3lyp,0.7998657,162.06807956,34.14,2.057771157407408,1.12402,2.0,163.83800615578906,-1.766,-10.297,22,12,5.0,330.7434902321051,0.3203546815217994,345,True,True,True,True,True,False
23115907_b3lyp_prop_2,1.2533845,187.02694302,60.17,2.116051061980348,3.19372,2.0,164.81561696211693,-2.14,-10.076,19,14,7.0,286.60556293836646,0.3682690388561102,214,True,True,True,True,True,False
23115907_b3lyp_1,1.4273438,174.006541924,83.96000000000001,0.8394524272486774,3.94544,2.0,141.22040791855022,-2.696,-11.197,15,13,6.0,308.051419769613,0.4168064883562781,109,True,False,True,True,False,False
23115907_b3lyp_0,1.7840525,174.006541924,83.96000000000001,0.919159984882842,2.51301,2.0,141.22040791855022,-2.839,-11.256,15,13,6.0,308.051419769613,0.48177507432429567,27,True,False,True,True,False,False
23115907_b3lyp,1.3438891,149.011292956,60.17,1.10121162037037,1.58856,2.0,118.20058048611683,-2.345,-10.895,14,11,5.0,359.72416066959937,0.4422145530153071,72,True,True,True,True,True,False
22489347_b3lyp_prop_2,1.1000348,184.052429496,34.14,2.721985657596372,1.77569,2.0,190.52059930512257,-1.933,-9.418,22,14,7.0,291.2374611716486,0.34397900463201453,275,True,True,True,True,True,False
22489347_b3lyp_prop_1,0.94376576,184.052429496,34.14,2.6663035619803472,3.14443,2.0,190.52059930512257,-1.942,-9.371,22,14,7.0,291.2374611716486,0.31551716090299536,360,True,True,True,True,True,False
22489347_b3lyp_prop_0,1.0899484,184.052429496,34.14,2.958741213151927,1.88845,2.0,190.52059930512257,-1.978,-10.026,22,14,7.0,291.2374611716486,0.3421419298753922,281,True,True,True,True,True,False
22489347_b3lyp_3,1.4555945,171.0320284,57.93,1.6733611621315192,4.87479,2.0,166.92539026155586,-2.528,-10.407,18,13,6.0,313.4089140516145,0.4261621735536433,91,True,True,True,True,True,False
22489347_b3lyp_2,1.4461594,171.0320284,57.93,1.6589930753968252,4.42674,2.0,166.92539026155586,-2.524,-10.411,18,13,6.0,313.4089140516145,0.424443712040124,94,True,True,True,True,True,False
22489347_b3lyp_1,1.386284,171.0320284,57.93,1.4847692923280424,4.04718,2.0,166.92539026155586,-2.343,-10.545,18,13,6.0,313.4089140516145,0.41353838662737374,114,True,True,True,True,True,False
22489347_b3lyp_0,1.1363716,171.0320284,57.93,1.372052056878307,2.97511,2.0,166.92539026155586,-2.448,-10.524,18,13,6.0,313.4089140516145,0.3680209867202616,215,True,True,True,True,True,False
22489347_b3lyp,0.90136206,146.036779432,34.14,1.8784306944444444,1.28672,2.0,143.90556282912243,-2.014,-10.075,17,11,5.0,367.05111203748754,0.36737357607288734,220,True,True,True,True,True,False
223813_b3lyp_prop_4,1.0615802,198.06807956,34.14,3.179191089616402,1.88851,2.0,207.81658393098928,-1.817,-9.683,25,15,8.0,270.6289797324518,0.3207795657504334,344,True,True,True,True,True,False
223813_b3lyp_prop_3,1.0332392,198.06807956,34.14,3.303005083144369,1.94993,2.0,207.81658393098928,-1.834,-9.99,25,15,7.0,270.6289797324518,0.31561772900707863,358,True,True,True,True,True,False
223813_b3lyp_prop_1,0.85714185,198.06807956,34.14,2.97954095946712,1.76978,2.0,207.81658393098928,-1.896,-9.247,25,15,8.0,270.6289797324518,0.2835444994557633,404,True,True,True,True,True,False
223813_b3lyp_prop_0,1.0330852,198.06807956,34.14,3.303005083144369,2.00614,2.0,207.81658393098928,-1.828,-9.991,25,15,7.0,270.6289797324518,0.3155896850217118,359,True,True,True,True,True,False
223813_b3lyp_3,1.4816895,185.047678464,57.93,1.977287862811792,4.15633,2.0,184.22137488742257,-2.464,-10.063,21,14,7.0,289.67108765602296,0.4122601256095223,117,True,True,True,True,True,False
223813_b3lyp_2,1.2440974,185.047678464,57.93,1.8329562367724863,3.1285,2.0,184.22137488742257,-2.211,-10.548,21,14,6.0,289.67108765602296,0.3689866468631081,212,True,True,True,True,True,False
223813_b3lyp_0,0.962615,185.047678464,57.93,1.6034099092970524,3.42516,2.0,184.22137488742257,-2.226,-10.302,21,14,7.0,289.67108765602296,0.3177192762814812,353,True,True,True,True,True,False
223813_b3lyp,0.887167,160.052429496,34.14,2.246807685185185,0.699722,2.0,161.20154745498914,-1.915,-9.788,20,12,5.0,334.90876994296747,0.3395285201941256,290,True,False,True,True,False,False
212470_b3lyp_prop_3,1.6636294,198.042927432,59.92,2.63221345143613,3.82387,2.0,181.68167639478924,-2.134,-10.331,21,15,7.0,270.6633505369385,0.43045990056176753,88,True,True,True,True,True,False
212470_b3lyp_prop_2,1.3963104,198.042927432,59.92,2.652486416761149,1.70702,2.0,181.68167639478924,-2.23,-10.317,21,15,8.0,270.6633505369385,0.38177217430253596,182,True,True,True,True,True,False
212470_b3lyp_prop_1,1.5330429,198.042927432,59.92,2.5880538919595617,3.57781,2.0,181.68167639478924,-2.259,-10.446,21,15,8.0,270.6633505369385,0.40667573994775386,132,True,True,True,True,True,False
212470_b3lyp_prop_0,1.5466263,198.042927432,59.92,2.5852187022864705,4.13933,2.0,181.68167639478924,-2.266,-10.457,21,15,8.0,270.6633505369385,0.4091497201361236,128,True,True,True,True,True,False
212470_b3lyp_2,1.8580652,185.022526336,83.71000000000001,1.279180958994709,3.00408,2.0,158.08646735122255,-2.71,-10.991,17,14,6.0,289.7104658032081,0.480841717948599,28,True,True,True,True,True,False
212470_b3lyp_1,1.5955949,185.022526336,83.71000000000001,1.322637085222978,4.92496,2.0,158.08646735122255,-2.835,-11.011,17,14,7.0,289.7104658032081,0.4330370643040372,85,True,True,True,True,True,False
212470_b3lyp_0,1.7527518,185.022526336,83.71000000000001,1.4063087188208616,2.87195,2.0,158.08646735122255,-2.862,-10.946,17,14,7.0,289.7104658032081,0.461660615434332,46,True,True,True,True,True,False
212470_b3lyp,1.4776195,160.027277368,59.92,1.6252341666666663,1.49298,2.0,135.06663991878912,-2.402,-10.599,16,12,5.0,334.96140889545404,0.447111076071106,64,True,True,True,True,True,False
21099940_b3lyp_0,1.8531712,158.995642892,75.0,0.7364771759259257,1.62039,2.0,141.12364771038355,-3.17,-11.035,13,12,6.0,337.13478755703665,0.5135318692513973,15,True,False,True,False,False,False
21099940_b3lyp,0.8441473,134.000393924,51.21,0.7548914814814813,3.03432,2.0,118.10382027795016,-2.714,-10.614,12,10,5.0,400.0209306794313,0.38286278364241655,179,True,False,True,True,False,False
20443080_b3lyp_prop_0,1.9252489,196.027277368,81.72,2.1960459443499616,6.32625,1.0,199.66521769398923,-2.91,-10.822,19,15,8.0,273.4464458650854,0.48029669846791384,30,True,False,True,True,False,False
20443080_b3lyp_0,2.4587927,183.006876272,105.51,1.2038223015873013,2.87968,1.0,176.07000865042255,-3.548,-11.925,15,14,7.0,292.90135639067313,0.5709530117094329,4,True,False,True,False,False,True
20443080_b3lyp,1.836775,158.011627304,81.72,1.146629722222222,3.27686,1.0,153.05018121798915,-3.115,-11.55,14,12,6.0,339.2342905611728,0.5107845759209009,18,True,True,True,True,True,False
18771_b3lyp_prop_2,1.2643346,333.98706943200017,132.32,1.122547904631091,10.1029,3.0,296.9368800603896,-2.515,-8.915,29,23,12.0,160.49412445831967,0.23646696814306686,440,True,False,False,False,False,False
18771_b3lyp_prop_0,1.400324,333.98706943200017,132.32,1.0801638390576778,8.80638,3.0,296.9368800603896,-2.418,-8.896,29,23,11.0,160.49412445831967,0.26512548089221355,418,True,False,False,False,False,False
18771_b3lyp_1,1.7098109,320.9666683360001,156.11,-0.382906896940876,7.67035,3.0,273.3416710168229,-2.851,-9.155,25,22,10.0,167.0047627274969,0.3283154747089515,321,True,False,False,True,False,False
18771_b3lyp_0,1.7052909,320.9666683360001,156.11,-0.382906896940876,7.5095,3.0,273.3416710168229,-2.835,-9.177,25,22,10.0,167.0047627274969,0.3274922451576362,325,True,False,False,True,False,False
18771_b3lyp,1.3186713,295.9714193680001,132.32,0.1281464424288221,8.04527,3.0,250.32184358438948,-2.596,-8.987,24,20,9.0,181.1085759677387,0.28105336518463253,408,True,False,True,True,False,False
17981306_b3lyp_1,1.7790266,189.983698304,107.01999999999998,0.0078958509700168,3.44628,1.0,171.55920527558914,-2.981,-10.125,15,13,6.0,282.1450617469126,0.4551909946781625,58,True,False,True,True,False,False
17981306_b3lyp_0,1.7293727,189.983698304,107.01999999999998,0.0431010589359197,4.3478,1.0,171.55920527558914,-3.01,-10.148,15,13,7.0,282.1450617469126,0.44563076183276457,67,True,False,True,True,False,False
17981306_b3lyp,1.4914836,164.988449336,83.22999999999999,0.28599548574368,2.97487,1.0,148.53937784315573,-2.542,-9.887,14,11,6.0,324.8891816646275,0.441720724070316,73,True,False,True,True,False,False
15736817_b3lyp_prop_2,1.1062871,200.047344116,47.28,3.14070768116969,1.65823,2.0,188.41082600568365,-1.846,-9.75,23,15,8.0,267.951381837924,0.3268179619155466,327,True,True,True,True,True,False
15736817_b3lyp_prop_1,1.0569137,200.047344116,47.28,3.148829951577853,1.53811,2.0,188.41082600568365,-1.843,-9.768,23,15,8.0,267.951381837924,0.3178254091582834,352,True,True,True,True,True,False
15736817_b3lyp_prop_0,1.0316137,200.047344116,47.28,3.1901234816704456,2.89114,2.0,188.41082600568365,-1.877,-9.302,23,15,7.0,267.951381837924,0.3132174336753427,363,True,True,True,True,True,False
15736817_b3lyp_2,1.4792029,187.02694302,71.07,1.9270144850718065,5.34803,2.0,164.81561696211693,-2.475,-10.216,19,14,7.0,286.60556293836646,0.40939812129744013,126,True,True,True,True,True,False
15736817_b3lyp_1,1.4428293,187.02694302,71.07,1.947330349584278,5.417,2.0,164.81561696211693,-2.463,-10.221,19,14,7.0,286.60556293836646,0.4027732736469122,141,True,True,True,True,True,False
15736817_b3lyp_0,1.3400271,187.02694302,71.07,1.7563785515873018,3.40008,2.0,164.81561696211693,-2.298,-10.351,19,14,6.0,286.60556293836646,0.38404957717665156,175,True,True,True,True,True,False
15736817_b3lyp,0.94069505,162.031694052,47.28,2.191682824074074,1.90144,2.0,141.79578952968347,-1.951,-9.889,18,12,5.0,330.8177613182663,0.34606279009924296,270,True,True,True,True,True,False
15699186_b3lyp_prop_3,1.0007594,186.031694052,47.28,2.728660460128496,3.18172,2.0,171.11484137981694,-1.944,-9.563,20,14,7.0,288.1388709705867,0.3234625242828818,337,True,True,True,True,True,False
15699186_b3lyp_prop_2,1.0899299,186.031694052,47.28,2.715362833522298,2.37235,2.0,171.11484137981694,-1.981,-9.64,20,14,7.0,288.1388709705867,0.3397034786819907,289,True,True,True,True,True,False
15699186_b3lyp_prop_1,1.1145395,186.031694052,47.28,2.6625449310279663,1.85029,2.0,171.11484137981694,-1.966,-10.157,20,14,7.0,288.1388709705867,0.3441857032656165,274,True,True,True,True,True,False
15699186_b3lyp_2,1.142647,173.011292956,71.07,1.3615630753968255,3.14246,2.0,147.51963233625025,-2.467,-10.719,16,13,6.0,309.8234882420139,0.3663462783287016,226,True,True,True,True,True,False
15699186_b3lyp_1,1.350747,173.011292956,71.07,1.3286391534391533,3.15854,2.0,147.51963233625025,-2.431,-10.797,16,13,6.0,309.8234882420139,0.40424824609260235,138,True,True,True,True,True,False
15699186_b3lyp_0,1.4335707,173.011292956,71.07,1.4806341364323503,4.22366,2.0,147.51963233625025,-2.594,-10.683,16,13,6.0,309.8234882420139,0.4193332280109373,103,True,True,True,True,True,False
15699186_b3lyp,1.0036106,148.016043988,47.28,1.7006278240740738,0.674052,2.0,124.49980490381684,-2.084,-10.335,15,11,5.0,362.1429194069976,0.38213925873576676,181,True,False,True,True,False,False
15321799_b3lyp_prop_3,1.0431731,186.06807956,34.14,2.6905140457294023,1.73413,2.0,193.1570580059225,-1.808,-10.105,24,14,7.0,288.0825255769028,0.33114319990726204,310,True,True,True,True,True,False
15321799_b3lyp_prop_1,1.099232,186.06807956,34.14,2.782130240929705,1.70898,2.0,193.1570580059225,-1.856,-10.237,24,14,7.0,288.0825255769028,0.3413534010514805,285,True,True,True,True,True,False
15321799_b3lyp_prop_0,0.9015106,186.06807956,34.14,2.763774858276644,1.5904,2.0,193.1570580059225,-1.901,-10.335,24,14,7.0,288.0825255769028,0.3053417200908253,374,True,True,True,True,True,False
15321799_b3lyp_2,1.4529861,173.047678464,57.93,1.4895864247921389,4.53149,2.0,169.56184896235587,-2.448,-10.744,20,13,6.0,309.75834385458217,0.4228182276707879,97,True,True,True,True,True,False
15321799_b3lyp_1,1.3817137,173.047678464,57.93,1.284725218253968,3.28733,2.0,169.56184896235587,-2.234,-10.811,20,13,6.0,309.75834385458217,0.4098371407014123,125,True,True,True,True,True,False
15321799_b3lyp,0.8922956,148.052429496,34.14,1.7788214814814811,1.152,2.0,146.5420215299224,-1.91,-10.387,19,11,5.0,362.05391881351807,0.36179512390398816,237,True,True,True,True,True,False
15269886_b3lyp_prop_1,1.8405515,188.047344116,51.21,2.471513568594104,1.48318,1.0,194.3713000806169,-2.117,-9.975,22,14,7.0,285.05035548825964,0.473989623628349,36,True,True,True,True,True,False
15269886_b3lyp_prop_0,1.7790436,188.047344116,51.21,2.431537752503779,4.76569,1.0,194.3713000806169,-2.247,-10.073,22,14,8.0,285.05035548825964,0.46278696044513673,45,True,True,True,True,True,False
15269886_b3lyp_1,1.9847933,175.02694302,75.0,1.409342795729403,5.089,1.0,170.7760910370502,-2.647,-10.755,18,13,6.0,306.2554905204725,0.5169253487390609,14,True,True,True,True,True,False
15269886_b3lyp_0,2.061632,175.02694302,75.0,1.334693219009826,3.40715,1.0,170.7760910370502,-2.82,-10.794,18,13,7.0,306.2554905204725,0.5309201915067764,11,True,True,True,True,True,True
15269886_b3lyp,0.9714688,150.031694052,51.21,1.4547116666666666,3.60042,1.0,147.75626360461678,-2.362,-10.407,17,11,5.0,357.2775914288514,0.3724616521636421,205,True,True,True,True,True,False
152386883_b3lyp_prop_2,1.395099,185.047678464,57.93,2.211676898148148,2.88339,1.0,193.9413748874225,-2.2,-10.331,21,14,7.0,289.67108765602296,0.3964890942298226,161,True,True,True,True,True,False
152386883_b3lyp_prop_1,1.3407149,185.047678464,57.93,2.2235974721277403,3.64762,1.0,193.9413748874225,-2.15,-10.436,21,14,8.0,289.67108765602296,0.3865839347564034,172,True,True,True,True,True,False
152386883_b3lyp_prop_0,1.3887781,185.047678464,57.93,2.224294039351852,4.00618,1.0,193.9413748874225,-2.167,-10.45,21,14,9.0,289.67108765602296,0.3953378603183083,162,True,True,True,True,True,False
152386883_b3lyp_1,1.7460282,172.027277368,81.72,1.0828798478835977,4.20344,1.0,170.34616584385583,-2.777,-11.291,17,13,6.0,311.5957138252073,0.4776349288662886,32,True,True,True,True,True,False
152386883_b3lyp_0,1.6164597,172.027277368,81.72,1.0816117328042327,3.68049,1.0,170.34616584385583,-2.796,-11.313,17,13,7.0,311.5957138252073,0.4540361684998488,59,True,True,True,True,True,False
152386883_b3lyp,1.3110975,147.0320284,57.93,1.2625716534391531,2.43117,1.0,147.3263384114224,-2.297,-10.846,16,11,6.0,364.56657010173495,0.44004760363065487,76,True,True,True,True,True,False
14642912_b3lyp_prop_0,1.2195845,198.06807956,34.14,4.646270957813681,1.94705,1.0,217.5365839309892,-1.911,-9.798,25,15,8.0,270.6289797324518,0.3495574333060517,261,True,True,True,True,True,False
14642912_b3lyp_1,1.4611492,185.047678464,57.93,3.483446375661376,4.27552,1.0,193.9413748874225,-2.525,-10.227,21,14,7.0,289.67108765602296,0.4085190698825173,129,True,True,True,True,True,False
14642912_b3lyp,0.8823619,160.052429496,34.14,3.625041851851852,0.743487,1.0,170.92154745498905,-2.018,-9.911,20,12,5.0,334.90876994296747,0.33865336009604974,296,True,True,True,True,True,False
14289169_b3lyp_prop_1,1.038379,188.083729624,34.14,3.404165702239229,1.32713,1.0,205.51351670672253,-1.744,-9.774,26,14,8.0,284.9952114201855,0.3278438145185853,323,True,True,True,True,True,False
14289169_b3lyp_prop_0,1.0246655,188.083729624,34.14,3.3807844142101287,2.46813,1.0,205.51351670672253,-1.645,-9.813,26,14,7.0,284.9952114201855,0.32534612658275613,331,True,True,True,True,True,False
14289169_b3lyp_2,1.3877308,175.063328528,57.93,2.231950420445956,5.07638,1.0,181.91830766315584,-2.333,-10.812,22,13,7.0,306.19183777438303,0.408130257757818,130,True,True,True,True,True,False
14289169_b3lyp_1,1.4034821,175.063328528,57.93,2.185085342025699,5.1194,1.0,181.91830766315584,-2.242,-10.788,22,13,6.0,306.19183777438303,0.41099905911317997,120,True,True,True,True,True,False
14289169_b3lyp,0.8050586,150.06807956,34.14,2.45999287037037,1.87252,1.0,158.89848023072238,-1.795,-10.328,21,11,5.0,357.1909659006293,0.34208470345362685,282,True,True,True,True,True,False
141345307_b3lyp_prop_1,1.0700289,186.06807956,34.14,3.837743115079365,1.13595,1.0,202.8770580059225,-1.878,-9.54,24,14,7.0,288.0825255769028,0.3360345507726261,301,True,True,True,True,True,False
141345307_b3lyp_prop_0,1.1042856,186.06807956,34.14,3.815143421910432,1.61699,1.0,202.8770580059225,-1.869,-9.812,24,14,8.0,288.0825255769028,0.34227384577842446,280,True,True,True,True,True,False
141345307_b3lyp_1,1.4734114,173.047678464,57.93,2.689011684618291,4.63797,1.0,179.28184896235584,-2.459,-10.606,20,13,6.0,309.75834385458217,0.42653836216747676,90,True,True,True,True,True,False
141345307_b3lyp_0,1.3955625,173.047678464,57.93,2.667836504157218,4.72651,1.0,179.28184896235584,-2.448,-10.702,20,13,7.0,309.75834385458217,0.4123594602566949,116,True,True,True,True,True,False
141345307_b3lyp,0.85651326,148.052429496,34.14,2.833145555555556,1.47213,1.0,156.26202152992238,-1.944,-10.358,19,11,5.0,362.05391881351807,0.35527796694540814,246,True,True,True,True,True,False
141333781_b3lyp_prop_3,1.101341,188.047344116,43.370000000000005,2.097774111866969,1.24386,2.0,184.6513000806169,-1.892,-9.656,22,14,7.0,285.05035548825964,0.33935465200969667,291,True,True,True,True,True,False
141333781_b3lyp_prop_1,1.0995822,188.047344116,43.370000000000005,2.149215876795162,2.54947,2.0,184.6513000806169,-1.885,-9.694,22,14,7.0,285.05035548825964,0.33903430684635133,294,True,True,True,True,True,False
141333781_b3lyp_2,1.5640067,175.02694302,67.16,0.963366332199546,4.73591,2.0,161.0560910370503,-2.524,-10.149,18,13,6.0,306.2554905204725,0.44028599451008754,75,True,True,True,True,True,False
141333781_b3lyp_1,1.6376988,175.02694302,67.16,0.9292160827664396,4.32671,2.0,161.0560910370503,-2.54,-10.148,18,13,6.0,306.2554905204725,0.4537077982229324,60,True,True,True,True,True,False
141333781_b3lyp_0,1.2226123,175.02694302,67.16,0.7407582142857142,2.8758,2.0,161.0560910370503,-2.295,-10.318,18,13,6.0,306.2554905204725,0.37810663769665676,190,True,False,True,True,False,False
141333781_b3lyp,1.1128235,150.031694052,43.370000000000005,1.1404880555555554,1.19833,2.0,138.03626360461683,-2.0,-9.795,17,11,5.0,357.2775914288514,0.3982070738116676,154,True,True,True,True,True,False
141265078_b3lyp_prop_2,1.2096554,184.052429496,34.14,3.0265590081727134,2.75088,1.0,200.2405993051225,-1.897,-10.271,22,14,8.0,291.2374611716486,0.3639445787773316,233,True,True,True,True,True,False
141265078_b3lyp_prop_1,1.2835997,184.052429496,34.14,3.0270517835097,2.16513,1.0,200.2405993051225,-1.914,-10.277,22,14,9.0,291.2374611716486,0.3774123078689759,196,True,True,True,True,True,False
141265078_b3lyp_prop_0,1.2630883,184.052429496,34.14,3.013768862433862,2.12674,1.0,200.2405993051225,-1.926,-10.067,22,14,7.0,291.2374611716486,0.3736764973507111,204,True,True,True,True,True,False
141265078_b3lyp_3,1.5678338,171.0320284,57.93,1.8602367526455024,3.42998,1.0,176.64539026155586,-2.533,-10.985,18,13,7.0,313.4089140516145,0.44660468916529183,65,True,True,True,True,True,False
141265078_b3lyp_2,1.6281296,171.0320284,57.93,1.858807605111489,3.90608,1.0,176.64539026155586,-2.547,-10.987,18,13,8.0,313.4089140516145,0.45758657674425607,53,True,True,True,True,True,False
141265078_b3lyp_1,1.6280264,171.0320284,57.93,1.853740307067272,3.63436,1.0,176.64539026155586,-2.504,-10.97,18,13,6.0,313.4089140516145,0.45756777147882943,54,True,True,True,True,True,False
141265078_b3lyp,1.1108223,146.036779432,34.14,2.058423076341648,0.643783,1.0,153.62556282912243,-2.03,-10.536,17,11,6.0,367.05111203748754,0.405523290542797,135,True,False,True,True,False,False
141161619_b3lyp_prop_3,1.9492514,198.031694052,51.21,2.478391802721088,3.04136,2.0,196.67436730488365,-2.586,-9.923,21,15,7.0,270.678703959446,0.4824932909629638,26,True,True,True,True,True,False
141161619_b3lyp_prop_2,2.0890226,198.031694052,51.21,2.4402199971655323,5.39337,2.0,196.67436730488365,-2.538,-10.143,21,15,7.0,270.678703959446,0.507950345339566,19,True,True,True,True,True,False
141161619_b3lyp_prop_1,2.0882049,198.031694052,51.21,2.492617001842404,5.1449,2.0,196.67436730488365,-2.554,-10.41,21,15,8.0,270.678703959446,0.5078013933322723,20,True,True,True,True,True,False
141161619_b3lyp_prop_0,1.9278331,198.031694052,51.21,2.505459761904762,2.96908,2.0,196.67436730488365,-2.541,-10.408,21,15,7.0,270.678703959446,0.4785923159740264,31,True,True,True,True,True,False
141161619_b3lyp_3,2.1504486,185.011292956,75.0,1.3955836309523808,5.14908,2.0,173.07915826131696,-3.155,-10.994,17,14,6.0,289.72805623079955,0.5306877766108823,13,True,True,True,True,True,False
141161619_b3lyp_2,2.4878724,185.011292956,75.0,1.3447635978835977,1.77469,2.0,173.07915826131696,-3.065,-10.943,17,14,6.0,289.72805623079955,0.5937471882582395,1,True,True,True,False,False,True
141161619_b3lyp_1,2.373868,185.011292956,75.0,1.404873532690854,2.49721,2.0,173.07915826131696,-3.109,-10.995,17,14,7.0,289.72805623079955,0.5721994195582573,3,True,True,True,False,False,False
141161619_b3lyp_0,2.161396,185.011292956,75.0,1.437128630952381,4.86852,2.0,173.07915826131696,-3.107,-10.988,17,14,6.0,289.72805623079955,0.5335367910533461,10,True,True,True,False,False,False
141161619_b3lyp,1.2816118,160.016043988,51.21,1.494336111111111,2.83069,2.0,150.0593308288836,-2.694,-10.614,16,12,5.0,334.9849237174537,0.4114299794827,119,True,True,True,True,True,False
14080455_b3lyp_prop_2,1.3622369,204.042258736,52.6,2.023712875409423,1.61346,2.0,193.44152678117808,-1.85,-9.247,23,15,8.0,262.70519950596633,0.3693121701997842,209,True,True,True,True,True,False
14080455_b3lyp_prop_1,1.2784052,204.042258736,52.6,2.0372055428004536,3.33687,2.0,193.44152678117808,-1.864,-9.259,23,15,8.0,262.70519950596633,0.3540436208767022,252,True,True,True,True,True,False
14080455_b3lyp_prop_0,1.2776525,204.042258736,52.6,2.037205542800453,2.49854,2.0,193.44152678117808,-1.848,-9.213,23,15,8.0,262.70519950596633,0.3539065301937188,253,True,True,True,True,True,False
14080455_b3lyp_1,1.6870097,191.02185764,76.39,0.910566224962207,5.0279,2.0,169.84631773761134,-2.498,-9.72,19,14,7.0,280.6116690054867,0.4425363024134498,71,True,True,True,True,True,False
14080455_b3lyp_0,1.4807783,191.02185764,76.39,0.6416538907785334,2.33912,2.0,169.84631773761134,-2.253,-9.847,19,14,7.0,280.6116690054867,0.40497467717121655,136,True,False,True,True,False,False
14080455_b3lyp,1.3083555,166.026608672,52.6,1.0509799074074075,1.61924,2.0,146.82649030517788,-1.961,-9.38,18,12,5.0,322.85765948990866,0.4067704694404779,131,True,True,True,True,True,False
140650304_b3lyp,0.5179145,220.052429496,30.21,5.755761071428571,3.19174,4.0,182.35917708032267,-1.572,-8.598,25,17,7.0,243.59177679455365,0.19003308605975772,466,True,False,False,False,False,False
138558_b3lyp,-0.069668174,94.041864812,17.07,2.345766712962963,5.29581,1.0,100.85675835336124,-0.5,-9.977,13,7,4.0,569.990422840371,0.3270635098944455,326,True,False,True,False,False,True
13839673_b3lyp_prop_2,1.1671178,187.02694302,60.17,2.169957185374149,5.0023,2.0,164.81561696211693,-1.794,-10.406,19,14,7.0,286.60556293836646,0.3525570011735769,258,True,True,True,True,True,False
13839673_b3lyp_prop_0,1.3207103,187.02694302,60.17,2.1297035402494333,4.55978,2.0,164.81561696211693,-1.929,-10.427,19,14,7.0,286.60556293836646,0.38053132361181696,183,True,True,True,True,True,False
13839673_b3lyp_1,1.4401352,174.006541924,83.96000000000001,0.8777785052910054,2.58718,2.0,141.22040791855022,-2.412,-11.373,15,13,6.0,308.051419769613,0.41890223390214026,104,True,False,True,True,False,False
13839673_b3lyp_0,1.4646856,174.006541924,83.96000000000001,0.982600818216175,4.22485,2.0,141.22040791855022,-2.578,-11.511,15,13,6.0,308.051419769613,0.4216921764223864,100,True,False,True,True,False,False
13839673_b3lyp,1.0381666,149.011292956,60.17,1.1686248148148148,2.02597,2.0,118.20058048611683,-2.039,-11.066,14,11,5.0,359.72416066959937,0.38653225149400583,173,True,True,True,True,True,False
134204124_b3lyp_prop_1,1.1412842,186.06807956,34.14,3.815208190428949,1.81785,1.0,202.8770580059225,-1.856,-9.783,24,14,8.0,288.0825255769028,0.3490125233993122,263,True,True,True,True,True,False
134204124_b3lyp_prop_0,1.0806212,186.06807956,34.14,3.8233716260393047,1.57528,1.0,202.8770580059225,-1.857,-9.789,24,14,7.0,288.0825255769028,0.3379637743100712,297,True,True,True,True,True,False
134204124_b3lyp_1,1.4781382,173.047678464,57.93,2.65726335600907,4.42566,1.0,179.28184896235584,-2.478,-10.238,20,13,7.0,309.75834385458217,0.4273992618542901,89,True,True,True,True,True,False
134204124_b3lyp_0,1.3790886,173.047678464,57.93,2.6646965561224487,4.4338,1.0,179.28184896235584,-2.481,-10.23,20,13,6.0,309.75834385458217,0.4093590220433465,127,True,True,True,True,True,False
134204124_b3lyp,0.904292,148.052429496,34.14,2.8217922222222223,0.987708,1.0,156.26202152992238,-1.959,-9.908,19,11,5.0,362.05391881351807,0.36398006626868085,232,True,True,True,True,True,False
13182761_b3lyp_prop_6,0.8594049,271.06332852800006,57.93,5.042696278659612,5.40706,3.0,257.95451506368954,-1.964,-9.834,30,21,9.0,197.7506975214165,0.22668395537727878,445,True,True,True,True,True,False
13182761_b3lyp_prop_5,0.6572317,271.06332852800006,57.93,5.055992801135886,3.69243,3.0,257.95451506368954,-2.028,-9.942,30,21,10.0,197.7506975214165,0.18986144263142155,467,True,True,True,True,True,False
13182761_b3lyp_prop_4,0.9243525,271.06332852800006,57.93,5.026850021101033,3.6242,3.0,257.95451506368954,-1.951,-9.79,30,21,9.0,197.7506975214165,0.2385130931794028,437,True,True,True,True,True,False
13182761_b3lyp_prop_1,0.7050754,271.06332852800006,57.93,5.094323447608254,5.71267,3.0,257.95451506368954,-2.056,-9.805,30,21,11.0,197.7506975214165,0.19741537333637615,459,True,True,False,True,False,False
13182761_b3lyp_prop_0,0.70984507,271.06332852800006,57.93,5.096828831659118,6.335,3.0,257.95451506368954,-2.057,-9.806,30,21,12.0,197.7506975214165,0.1941622938418452,462,True,False,False,True,False,False
13182761_b3lyp_5,1.2427466,258.042927432,81.72,3.5324781651549504,4.82383,3.0,234.35930602012283,-2.43,-10.71,26,20,9.0,207.7288566764321,0.3043448344105458,376,True,True,True,True,True,False
13182761_b3lyp_2,1.1687676,258.042927432,81.72,3.533508260844461,3.30846,3.0,234.35930602012283,-2.401,-10.829,26,20,10.0,207.7288566764321,0.2908707723253941,396,True,True,True,True,True,False
13182761_b3lyp_1,1.140726,258.042927432,81.72,3.5333637515747043,5.99924,3.0,234.35930602012283,-2.4,-10.823,26,20,9.0,207.7288566764321,0.2857634589308476,402,True,False,True,True,False,False
13182761_b3lyp_0,0.84899545,258.042927432,81.72,3.549599951761569,3.68097,3.0,234.35930602012283,-2.486,-10.908,26,20,10.0,207.7288566764321,0.23262955399691815,442,True,True,True,True,True,False
13182761_b3lyp,0.7207227,233.047678464,57.93,4.0651681224804745,4.32552,3.0,211.33947858768937,-2.119,-10.531,25,18,9.0,230.00856581014685,0.22677571332994292,444,True,True,True,True,True,False
130412007_b3lyp_prop_5,1.0928875,198.06807956,34.14,3.30821724702381,2.14741,2.0,207.81658393098928,-1.833,-9.52,25,15,8.0,270.6289797324518,0.32648168879635475,329,True,True,True,True,True,False
130412007_b3lyp_prop_4,1.0822674,198.06807956,34.14,3.322262493701184,1.20217,2.0,207.81658393098928,-1.83,-9.509,25,15,8.0,270.6289797324518,0.3245473988641038,334,True,True,True,True,True,False
130412007_b3lyp_prop_3,0.9107976,198.06807956,34.14,3.108567116874528,2.9829,2.0,207.81658393098928,-1.871,-9.133,25,15,8.0,270.6289797324518,0.2933170087922349,394,True,True,True,True,True,False
130412007_b3lyp_prop_2,1.0845374,198.06807956,34.14,3.194504851662887,2.1306,2.0,207.81658393098928,-1.78,-9.129,25,15,7.0,270.6289797324518,0.3249608464825883,332,True,True,True,True,True,False
130412007_b3lyp_prop_1,1.117115,198.06807956,34.14,3.402929777966742,1.93342,2.0,207.81658393098928,-1.879,-9.691,25,15,7.0,270.6289797324518,0.3308943249572053,312,True,True,True,True,True,False
130412007_b3lyp_prop_0,0.9326724,198.06807956,34.14,3.4050716076152687,1.62846,2.0,207.81658393098928,-1.914,-9.728,25,15,8.0,270.6289797324518,0.2973011471617951,388,True,True,True,True,True,False
130412007_b3lyp_4,1.4403001,185.047678464,57.93,2.1063140202191986,4.70455,2.0,184.22137488742257,-2.449,-9.944,21,14,7.0,289.67108765602296,0.4047217473708443,137,True,True,True,True,True,False
130412007_b3lyp_3,1.4499173,185.047678464,57.93,2.129509267290249,5.07058,2.0,184.22137488742257,-2.453,-9.94,21,14,7.0,289.67108765602296,0.4064733490668587,133,True,True,True,True,True,False
130412007_b3lyp_2,1.084705,185.047678464,57.93,1.7324360667044594,3.36615,2.0,184.22137488742257,-2.339,-10.112,21,14,7.0,289.67108765602296,0.3399559513055138,288,True,True,True,True,True,False
130412007_b3lyp_1,1.366238,185.047678464,57.93,1.907465357142857,4.267,2.0,184.22137488742257,-2.201,-10.106,21,14,6.0,289.67108765602296,0.3912325308047585,165,True,True,True,True,True,False
130412007_b3lyp_0,1.297105,185.047678464,57.93,1.9066519775132271,3.41315,2.0,184.22137488742257,-2.269,-10.195,21,14,6.0,289.67108765602296,0.378641109200602,189,True,True,True,True,True,False
130412007_b3lyp,0.8853828,160.052429496,34.14,2.3758338425925927,1.49655,2.0,161.20154745498914,-1.932,-9.63,20,12,5.0,334.90876994296747,0.3392035556708102,292,True,True,True,True,True,False
130029688_b3lyp_prop_0,1.7589544,210.042927432,81.72,2.564162775415721,7.83593,1.0,216.961202319856,-2.863,-10.434,22,16,8.0,255.20003431794908,0.4356696512921058,82,True,False,True,True,False,False
130029688_b3lyp_0,2.13285,197.022526336,105.51,1.553653384353741,4.27346,1.0,193.3659932762893,-3.411,-11.802,18,15,7.0,272.0651454721223,0.49915256623689497,23,True,False,True,False,False,False
130029688_b3lyp,1.9335669,172.027277368,81.72,1.539995480914588,6.19588,1.0,170.34616584385583,-2.989,-11.386,17,13,6.0,311.5957138252073,0.5109361665427844,17,True,False,True,True,False,False
130029677_b3lyp_prop_0,1.4916652,199.063328528,57.93,2.8682619912131515,5.75668,1.0,211.2373595132892,-2.243,-10.109,24,15,8.0,269.27592683827334,0.39804914549711234,155,True,True,True,True,True,False
130029677_b3lyp_0,1.8227514,186.042927432,81.72,1.787108042328042,0.00261943,1.0,187.6421504697225,-2.805,-11.328,20,14,7.0,288.1214729782252,0.4731611311927612,37,True,False,True,True,False,False
130029677_b3lyp,1.304789,161.047678464,57.93,1.879285,3.72973,1.0,164.62232303728905,-2.326,-10.872,19,12,5.0,332.8390871580996,0.41396498470412624,112,True,True,True,True,True,False
130029656_b3lyp_prop_1,1.5238235,185.047678464,57.93,2.550181296768707,6.47586,1.0,193.9413748874225,-2.338,-10.536,21,14,8.0,289.67108765602296,0.4199341342173867,102,True,False,True,True,False,False
130029656_b3lyp_prop_0,1.4134078,185.047678464,57.93,2.5650613378684803,4.59524,1.0,193.9413748874225,-2.324,-10.527,21,14,7.0,289.67108765602296,0.3998237356864266,149,True,True,True,True,True,False
130029656_b3lyp_1,1.9362465,172.027277368,81.72,1.4501577645502643,1.50349,1.0,170.34616584385583,-2.967,-11.436,17,13,7.0,311.5957138252073,0.5112068805728968,16,True,True,True,True,True,False
130029656_b3lyp_0,1.7487359,172.027277368,81.72,1.4819105735071805,4.71005,1.0,170.34616584385583,-2.972,-11.428,17,13,6.0,311.5957138252073,0.4770633472852079,33,True,True,True,True,True,False
130029656_b3lyp,1.4109461,147.0320284,57.93,1.556104768518518,3.87145,1.0,147.3263384114224,-2.48,-10.98,16,11,5.0,364.56657010173495,0.4582333681818176,51,True,True,True,True,True,False
130027375_b3lyp_prop_0,1.3666677,199.063328528,57.93,2.87416242063492,5.14526,1.0,211.2373595132892,-2.254,-10.103,24,15,7.0,269.27592683827334,0.3752829130065728,200,True,True,True,True,True,False
130027375_b3lyp_0,1.5471808,186.042927432,81.72,1.8098812396069528,5.99525,1.0,187.6421504697225,-2.835,-11.304,20,14,6.0,288.1214729782252,0.42297050361784055,96,True,False,True,True,False,False
130027375_b3lyp,1.3502755,161.047678464,57.93,1.870305388321995,5.06848,1.0,164.62232303728905,-2.351,-10.861,19,12,6.0,332.8390871580996,0.4222496130953921,98,True,True,True,True,True,False
129814774_b3lyp_prop_2,1.4188535,210.042927432,81.72,1.916471447467876,2.32522,1.0,216.961202319856,-2.484,-10.633,22,16,7.0,255.20003431794908,0.3737258818371497,203,True,True,True,True,True,False
129814774_b3lyp_prop_1,1.3862578,210.042927432,81.72,1.916094630574452,6.04121,1.0,216.961202319856,-2.462,-10.645,22,16,8.0,255.20003431794908,0.3677891102059089,217,True,False,True,True,False,False
129814774_b3lyp_prop_0,1.4738407,210.042927432,81.72,1.9101891661942552,5.98731,1.0,216.961202319856,-2.485,-10.658,22,16,9.0,255.20003431794908,0.38374089267088995,176,True,False,True,True,False,False
129814774_b3lyp_1,1.7425802,197.022526336,105.51,0.8209054365079362,6.50409,1.0,193.3659932762893,-3.138,-11.553,18,15,6.0,272.0651454721223,0.43596853244690525,81,True,False,True,True,False,False
129814774_b3lyp_0,1.7211987,197.022526336,105.51,0.8001055489417987,1.51745,1.0,193.3659932762893,-3.11,-11.592,18,15,7.0,272.0651454721223,0.4320978178220578,86,True,False,True,False,False,False
129814774_b3lyp,1.3280717,172.027277368,81.72,0.9390081216931214,3.58355,1.0,170.34616584385583,-2.626,-11.144,17,13,6.0,311.5957138252073,0.4015110654076552,144,True,True,True,True,True,False
129812261_b3lyp_prop_0,1.4890543,194.036779432,34.14,3.5445608193972027,2.33535,1.0,212.26366652938924,-2.159,-10.078,21,15,8.0,276.2515562554675,0.4030555152337952,140,True,True,True,True,True,False
129812261_b3lyp_0,1.792827,181.016378336,57.93,2.4596138236961447,3.87577,1.0,188.66845748582256,-2.745,-10.512,17,14,7.0,296.12216740626553,0.473998373873453,35,True,True,True,True,True,False
129812261_b3lyp,1.4934164,156.021129368,34.14,2.501943333333333,0.298468,1.0,165.6486300533891,-2.285,-10.216,16,12,5.0,343.56219895356605,0.45674730955357573,55,True,False,True,True,False,False
12913941_b3lyp_prop_4,1.0529792,202.06299418,43.370000000000005,2.2007771611237086,2.64893,2.0,201.94728470648369,-1.969,-10.074,25,15,8.0,265.2784717281719,0.3150082572363595,361,True,True,True,True,True,False
12913941_b3lyp_prop_2,1.100939,202.06299418,43.370000000000005,2.2766077683295536,2.60186,2.0,201.94728470648369,-1.974,-10.189,25,15,7.0,265.2784717281719,0.3237433328293542,336,True,True,True,True,True,False
12913941_b3lyp_prop_1,0.91982543,202.06299418,43.370000000000005,2.2496481353930458,1.77331,2.0,201.94728470648369,-2.048,-10.028,25,15,8.0,265.2784717281719,0.2907564832829217,397,True,True,True,True,True,False
12913941_b3lyp_prop_0,1.074768,202.06299418,43.370000000000005,2.263048509070295,3.57189,2.0,201.94728470648369,-1.917,-10.02,25,15,7.0,265.2784717281719,0.3189767046831826,349,True,True,True,True,True,False
12913941_b3lyp_3,1.4991485,189.042593084,67.16,1.0211106694066512,3.81585,2.0,178.35207566291697,-2.619,-10.483,21,14,7.0,283.54965626752016,0.41062936528567273,122,True,True,True,True,True,False
12913941_b3lyp_2,1.5157012,189.042593084,67.16,1.0006988303099016,2.79476,2.0,178.35207566291697,-2.615,-10.491,21,14,7.0,283.54965626752016,0.413644168218412,113,True,True,True,True,True,False
12913941_b3lyp_1,1.2627183,189.042593084,67.16,0.8753621164021164,3.63113,2.0,178.35207566291697,-2.381,-10.736,21,14,6.0,283.54965626752016,0.36756751283053357,218,True,True,True,True,True,False
12913941_b3lyp_0,1.0743759,189.042593084,67.16,0.7593109278155707,4.17296,2.0,178.35207566291697,-2.387,-10.67,21,14,7.0,283.54965626752016,0.3332640413844963,307,True,False,True,True,False,False
12913941_b3lyp,1.0038111,164.047344116,43.370000000000005,1.273637685185185,1.41198,2.0,155.33224823048354,-2.084,-10.188,20,12,5.0,326.753002785498,0.35436397109855544,249,True,True,True,True,True,False
12838779_b3lyp_prop_0,1.2245843,190.026608672,52.6,1.748879117535903,2.56594,2.0,176.14554215531135,-2.096,-9.305,20,14,7.0,282.0813498882758,0.3594681415904385,241,True,True,True,True,True,False
12838779_b3lyp_0,1.7388282,177.006207576,76.39,0.6172182123960693,3.27042,2.0,152.55033311174466,-2.784,-9.788,16,13,6.0,302.83097425198343,0.46943563688797896,42,True,False,True,True,False,False
12838779_b3lyp,1.2635057,152.010958608,52.6,0.7163768518518517,0.298733,2.0,129.53050567931123,-2.267,-9.452,15,11,5.0,352.6256447544558,0.42199554494601527,99,True,False,True,True,False,False
12754795_b3lyp_prop_1,1.5187885,171.0320284,57.93,2.2335230224867724,5.0082,1.0,176.6453902615558,-2.472,-10.597,18,13,7.0,313.4089140516145,0.437671890064416,79,True,True,True,True,True,False
12754795_b3lyp_1,2.0146337,158.011627304,81.72,1.2039344444444442,5.31223,1.0,153.05018121798912,-3.124,-11.506,14,12,5.0,339.2342905611728,0.543554427324159,7,True,True,True,True,True,False
12754795_b3lyp,1.475685,133.016378336,57.93,1.2314430555555556,3.39147,1.0,130.03035378555575,-2.637,-11.096,13,10,5.0,402.98016649865144,0.5002125024128254,22,True,True,True,True,True,False
12635763_b3lyp_prop_6,0.8558903,270.0680795600001,34.14,5.988586958144369,3.54999,3.0,264.2537394813896,-1.45,-9.463,31,21,9.0,198.47944405803094,0.22655314285941383,446,True,False,True,True,False,False
12635763_b3lyp_prop_5,0.75607693,270.0680795600001,34.14,6.018429705654211,1.84223,3.0,264.2537394813896,-1.665,-9.583,31,21,10.0,198.47944405803094,0.2082396653055843,456,True,False,True,True,False,False
12635763_b3lyp_prop_4,0.81588876,270.0680795600001,34.14,6.018949266311156,1.65802,3.0,264.2537394813896,-1.666,-9.57,31,21,11.0,198.47944405803094,0.21797106218434015,449,True,False,False,True,False,False
12635763_b3lyp_prop_3,0.928934,270.0680795600001,34.14,5.989286925619357,1.91474,3.0,264.2537394813896,-1.574,-9.426,31,21,10.0,198.47944405803094,0.23985370869770278,436,True,False,True,True,False,False
12635763_b3lyp_prop_2,0.8248774,270.0680795600001,34.14,6.009202654688419,1.90946,3.0,264.2537394813896,-1.671,-9.393,31,21,10.0,198.47944405803094,0.22081200178947877,447,True,False,True,True,False,False
12635763_b3lyp_prop_1,0.797444,270.0680795600001,34.14,6.014759447961284,1.89731,3.0,264.2537394813896,-1.66,-9.569,31,21,10.0,198.47944405803094,0.21579048728398056,452,True,False,True,True,False,False
12635763_b3lyp_prop_0,0.90827644,270.0680795600001,34.14,5.987544137928319,2.05231,3.0,264.2537394813896,-1.572,-9.226,31,21,9.0,198.47944405803094,0.23609910318264343,441,True,True,True,True,True,False
12635763_b3lyp,0.6589179,232.052429496,34.14,4.976087970364072,0.187723,3.0,217.63870300538937,-1.704,-9.808,26,18,8.0,230.99504885732244,0.21629423439916962,451,True,False,True,True,False,False
12587549_b3lyp_prop_4,1.1857344,214.06299418,51.21,2.0003820201089693,5.03566,2.0,216.6068106315504,-2.048,-10.314,26,16,9.0,250.40742092869894,0.3275007317772255,324,True,True,True,True,True,False
12587549_b3lyp_prop_3,1.1275421,214.06299418,51.21,2.0126998016660367,4.02609,2.0,216.6068106315504,-2.048,-10.301,26,16,8.0,250.40742092869894,0.3169019679537163,354,True,True,True,True,True,False
12587549_b3lyp_prop_2,1.121447,214.06299418,51.21,2.049679349017385,3.83977,2.0,216.6068106315504,-2.064,-10.035,26,16,7.0,250.40742092869894,0.31579183144477463,357,True,True,True,True,True,False
12587549_b3lyp_prop_1,1.0811226,214.06299418,51.21,2.04264489229025,2.92815,2.0,216.6068106315504,-2.117,-10.261,26,16,7.0,250.40742092869894,0.30844742162135697,372,True,True,True,True,True,False
12587549_b3lyp_prop_0,0.96202815,214.06299418,51.21,2.0227197160808768,2.02171,2.0,216.6068106315504,-2.15,-10.09,26,16,8.0,250.40742092869894,0.2867563228121147,400,True,True,True,True,True,False
12587549_b3lyp_3,1.6481156,201.042593084,75.0,0.8317241522581253,1.04664,2.0,193.01160158798365,-2.683,-10.685,22,15,8.0,266.6249050343894,0.4244606266406281,93,True,False,True,True,False,False
12587549_b3lyp_2,1.6146771,201.042593084,75.0,0.8607742219387753,3.27438,2.0,193.01160158798365,-2.681,-10.685,22,15,7.0,266.6249050343894,0.41837034324676825,107,True,True,True,True,True,False
12587549_b3lyp_1,1.3452312,201.042593084,75.0,0.7138945304232799,3.94547,2.0,193.01160158798365,-2.447,-10.751,22,15,6.0,266.6249050343894,0.3692952464011414,210,True,False,True,True,False,False
12587549_b3lyp_0,1.3999041,201.042593084,75.0,0.637176706349206,2.33178,2.0,193.01160158798365,-2.386,-10.803,22,15,6.0,266.6249050343894,0.3792530069735749,186,True,False,True,True,False,False
12587549_b3lyp,0.6146101,176.047344116,51.21,1.0756573677248675,2.49102,2.0,169.9917741555502,-2.173,-10.421,21,13,6.0,304.48038030933975,0.2659740802857078,416,True,True,True,True,True,False
12527779_b3lyp_prop_0,2.3773606,216.005873228,77.50999999999999,2.174319592545351,7.53105,2.0,196.95883608013915,-3.15,-10.835,20,16,8.0,248.15511489499883,0.5394342736120094,8,True,False,True,False,False,False
12527779_b3lyp_0,2.675571,202.985472132,101.29999999999998,1.2016324348072556,2.55399,2.0,173.36362703657247,-3.726,-11.732,16,15,7.0,264.07290002523564,0.588525462378835,2,True,False,True,False,False,True
12527779_b3lyp,1.2709814,177.990223164,77.50999999999999,1.1350673148148145,4.96271,2.0,150.34379960413904,-3.34,-11.356,15,13,5.0,301.15677892880205,0.37616645909057117,199,True,True,True,False,False,False
12506460_b3lyp_6,1.1399379,257.047678464,57.93,4.44466709207294,3.36042,3.0,240.6585304378228,-1.999,-9.961,27,20,8.0,208.53315077263412,0.2862519852057611,401,True,True,True,True,True,False
12506460_b3lyp_5,0.9317709,257.047678464,57.93,4.460826362906274,4.33213,3.0,240.6585304378228,-2.11,-10.036,27,20,9.0,208.53315077263412,0.24833781339084257,432,True,True,True,True,True,False
12506460_b3lyp_4,0.91750276,257.047678464,57.93,4.460893470188988,4.56673,3.0,240.6585304378228,-2.106,-10.043,27,20,10.0,208.53315077263412,0.24573911048328032,434,True,True,True,True,True,False
12506460_b3lyp_3,1.2022796,257.047678464,57.93,4.444734671989166,3.91256,3.0,240.6585304378228,-2.012,-9.993,27,20,9.0,208.53315077263412,0.2976065061226999,387,True,True,True,True,True,False
12506460_b3lyp_2,0.93987536,257.047678464,57.93,4.457564703955657,3.99027,3.0,240.6585304378228,-2.091,-10.173,27,20,9.0,208.53315077263412,0.24981390751754393,430,True,True,True,True,True,False
12506460_b3lyp_1,0.9822638,257.047678464,57.93,4.460258740236836,4.34649,3.0,240.6585304378228,-2.112,-10.219,27,20,9.0,208.53315077263412,0.2575342587367212,425,True,True,True,True,True,False
12506460_b3lyp_0,1.1506734,257.047678464,57.93,4.444564374527588,4.04104,3.0,240.6585304378228,-2.0,-10.124,27,20,8.0,208.53315077263412,0.2882072857752954,398,True,True,True,True,True,False
12506460_b3lyp,0.65940905,232.052429496,34.14,4.976087970364072,0.184398,3.0,217.63870300538937,-1.703,-9.806,26,18,8.0,230.99504885732244,0.21638368606981628,450,True,False,True,True,False,False
12488903_b3lyp_0,1.2271622,205.037507704,76.39000000000001,1.0933262471655325,3.92226,2.0,187.14230236347805,-2.29,-9.902,22,15,7.0,261.43003243227173,0.34370844842093173,276,True,True,True,True,True,False
12488903_b3lyp,1.1466064,180.042258736,52.60000000000001,1.3017762037037035,1.51068,2.0,164.1224749310446,-2.011,-9.309,21,13,5.0,297.724337970499,0.3575590824733548,245,True,True,True,True,True,False
12344381_b3lyp_prop_6,1.0084299,271.06332852800006,57.93,5.0399011102187785,2.72421,3.0,257.95451506368954,-1.925,-9.888,30,21,10.0,197.7506975214165,0.25382639068954993,427,True,True,True,True,True,False
12344381_b3lyp_prop_5,1.0297806,271.06332852800006,57.93,5.055747367777357,4.71037,3.0,257.95451506368954,-1.953,-9.953,30,21,10.0,197.7506975214165,0.2577150722205024,424,True,True,True,True,True,False
12344381_b3lyp_prop_3,1.1498163,271.06332852800006,57.93,5.045845760568779,5.84994,3.0,257.95451506368954,-1.874,-9.626,30,21,10.0,197.7506975214165,0.27957759398811866,410,True,True,True,True,True,False
12344381_b3lyp_prop_1,0.9415723,271.06332852800006,57.93,5.074988540603632,3.67856,3.0,257.95451506368954,-1.958,-9.755,30,21,10.0,197.7506975214165,0.2416493852793555,435,True,True,True,True,True,False
12344381_b3lyp_prop_0,1.0191278,271.06332852800006,57.93,5.078231756691147,5.22876,3.0,257.95451506368954,-1.96,-9.76,30,21,11.0,197.7506975214165,0.2546148514857902,426,True,True,False,True,False,False
12344381_b3lyp_5,1.3502109,258.042927432,81.72,3.5298189984882846,6.59372,3.0,234.35930602012283,-2.385,-10.692,26,20,9.0,207.7288566764321,0.323917688452599,335,True,False,True,True,False,False
12344381_b3lyp_4,1.2419987,258.042927432,81.72,3.5324781651549504,4.81374,3.0,234.35930602012283,-2.431,-10.709,26,20,9.0,207.7288566764321,0.3042086079949116,377,True,True,True,True,True,False
12344381_b3lyp_3,1.5032444,258.042927432,81.72,3.516890349899218,1.71203,3.0,234.35930602012283,-2.308,-10.651,26,20,8.0,207.7288566764321,0.3517901912564015,260,True,True,True,True,True,False
12344381_b3lyp_2,1.5061911,258.042927432,81.72,3.517272060657596,0.00801631,3.0,234.35930602012283,-2.315,-10.749,26,20,9.0,207.7288566764321,0.3523269012802815,259,True,False,True,True,False,False
12344381_b3lyp_1,1.2654308,258.042927432,81.72,3.5171076094419247,6.8021,3.0,234.35930602012283,-2.303,-10.732,26,20,8.0,207.7288566764321,0.30847638996779675,371,True,False,True,True,False,False
12344381_b3lyp_0,1.1392021,258.042927432,81.72,3.5333637515747043,5.99989,3.0,234.35930602012283,-2.4,-10.823,26,20,9.0,207.7288566764321,0.285485909902451,403,True,False,True,True,False,False
12344381_b3lyp,1.0276076,233.047678464,57.93,4.049076431563367,3.63754,3.0,211.33947858768937,-2.016,-10.469,25,18,8.0,230.00856581014685,0.2826697305494864,405,True,True,True,True,True,False
12209139_b3lyp_1,1.186709,173.011292956,71.07,1.3240780886243388,2.68516,2.0,147.51963233625025,-2.12,-10.84,16,13,6.0,309.8234882420139,0.3743714477012602,201,True,True,True,True,True,False
12209139_b3lyp_0,1.2577149,173.011292956,71.07,1.4239120219198789,4.71986,2.0,147.51963233625025,-2.267,-10.865,16,13,6.0,309.8234882420139,0.38730398668746624,169,True,True,True,True,True,False
12209139_b3lyp,0.6882453,148.016043988,47.28,1.664221574074074,1.20525,2.0,124.49980490381684,-1.707,-10.523,15,11,5.0,362.1429194069976,0.3247006765538362,333,True,True,True,True,True,False
12078641_b3lyp_prop_1,1.2151809,200.047344116,47.28,3.1384421277399848,2.83525,2.0,188.41082600568365,-1.908,-9.876,23,15,7.0,267.951381837924,0.3466511541448175,268,True,True,True,True,True,False
12078641_b3lyp_prop_0,1.0182916,200.047344116,47.28,3.2037366638322,3.07353,2.0,188.41082600568365,-1.915,-9.277,23,15,7.0,267.951381837924,0.3107910328946649,368,True,True,True,True,True,False
12078641_b3lyp_2,1.4309663,187.02694302,71.07,1.9476459051398336,4.87779,2.0,164.81561696211693,-2.525,-10.335,19,14,7.0,286.60556293836646,0.40061263507612666,146,True,True,True,True,True,False
12078641_b3lyp_1,1.4307305,187.02694302,71.07,1.9190944472789115,4.03876,2.0,164.81561696211693,-2.541,-10.329,19,14,6.0,286.60556293836646,0.400569689929566,147,True,True,True,True,True,False
12078641_b3lyp_0,1.139721,187.02694302,71.07,1.7896180291005297,3.55919,2.0,164.81561696211693,-2.409,-10.422,19,14,6.0,286.60556293836646,0.3475671238303991,266,True,True,True,True,True,False
12078641_b3lyp,0.9228164,162.031694052,47.28,2.19199837962963,1.32232,2.0,141.79578952968347,-2.017,-10.014,18,12,5.0,330.8177613182663,0.342806484047035,278,True,True,True,True,True,False
11958_b3lyp_prop_1,1.160683,190.06299418,43.370000000000005,2.958057163643235,2.00425,1.0,197.00775878141687,-1.701,-9.244,24,14,6.0,282.0273484596584,0.3477871367328449,265,True,True,True,True,True,False
11958_b3lyp_prop_0,1.0560561,190.06299418,43.370000000000005,2.936855020786092,0.920765,1.0,197.00775878141687,-1.678,-9.763,24,14,7.0,282.0273484596584,0.3287310698621555,320,True,True,True,True,True,False
11958_b3lyp_1,1.4893618,177.042593084,67.16,1.8616327777777768,3.16285,1.0,173.41254973785024,-2.199,-10.478,20,13,6.0,302.76873691889676,0.42395052306674164,95,True,True,True,True,True,False
11958_b3lyp_0,1.3402077,177.042593084,67.16,1.826486916099773,4.80059,1.0,173.41254973785024,-2.244,-10.577,20,13,6.0,302.76873691889676,0.3967845737221066,159,True,True,True,True,True,False
11958_b3lyp,1.0270438,152.047344116,43.370000000000005,1.9556455092592595,1.00255,1.0,150.39272230541678,-1.722,-10.192,19,11,6.0,352.5412600958955,0.3788615956198638,188,True,True,True,True,True,False
11805258_b3lyp_prop_1,0.96942186,214.06299418,47.28,3.5293856219293267,2.31746,2.0,205.70681063155035,-1.797,-9.219,26,16,8.0,250.40742092869894,0.2881029705515251,399,True,True,True,True,True,False
11805258_b3lyp_prop_0,1.2348737,214.06299418,47.28,3.451907822184429,1.92226,2.0,205.70681063155035,-1.832,-9.757,26,16,7.0,250.40742092869894,0.3364506374111519,300,True,True,True,True,True,False
11805258_b3lyp_1,1.1484327,201.042593084,71.07,2.116902138133032,3.86856,2.0,182.11160158798364,-2.291,-10.35,22,15,7.0,266.6249050343894,0.3334516505387528,306,True,True,True,True,True,False
11805258_b3lyp_0,1.4972012,201.042593084,71.07,2.2514297250566893,3.90647,2.0,182.11160158798364,-2.401,-10.264,22,15,6.0,266.6249050343894,0.3969740639117463,158,True,True,True,True,True,False
11805258_b3lyp,0.91112745,176.047344116,47.28,2.510563611111112,0.202718,2.0,159.09177415555018,-1.892,-9.939,21,13,6.0,304.48038030933975,0.31997982980934747,347,True,False,True,True,False,False
11355645_b3lyp_prop_2,1.5998751,198.042927432,59.92,2.672049101946335,3.25496,2.0,181.68167639478924,-2.179,-10.143,21,15,8.0,270.6633505369385,0.41884811109681697,105,True,True,True,True,True,False
11355645_b3lyp_prop_0,1.597155,198.042927432,59.92,2.6067946905706725,2.18501,2.0,181.68167639478924,-2.163,-10.201,21,15,8.0,270.6633505369385,0.4183526772894439,108,True,True,True,True,True,False
11355645_b3lyp_1,1.7968446,185.022526336,83.71000000000001,1.3105610204081632,3.15171,2.0,158.08646735122255,-2.755,-10.817,17,14,7.0,289.7104658032081,0.4696913876434995,40,True,True,True,True,True,False
11355645_b3lyp_0,1.8742833,185.022526336,83.71000000000001,1.4320696598639455,4.1363,2.0,158.08646735122255,-2.756,-10.711,17,14,7.0,289.7104658032081,0.483795545329733,24,True,True,True,True,True,False
11355645_b3lyp,1.5906764,160.027277368,59.92,1.6411664814814817,0.642496,2.0,135.06663991878912,-2.3,-10.372,16,12,5.0,334.96140889545404,0.4677025138877259,43,True,False,True,True,False,False
11309532_b3lyp_prop_1,1.1344866,172.052429496,34.14,3.50003481079932,1.36545,1.0,185.58107338005576,-1.957,-10.138,21,13,8.0,311.55016204020006,0.3662169149514657,227,True,True,True,True,True,False
11309532_b3lyp_prop_0,1.2064309,172.052429496,34.14,3.510658364512472,2.05718,1.0,185.58107338005576,-2.003,-9.55,21,13,6.0,311.55016204020006,0.37932038515772637,185,True,True,True,True,True,False
11309532_b3lyp_3,1.4202479,159.0320284,57.93,2.3452226029856384,3.63463,1.0,161.9858643364891,-2.584,-10.649,17,12,6.0,337.05765328016713,0.4383091576152578,78,True,True,True,True,True,False
11309532_b3lyp_2,1.4490279,159.0320284,57.93,2.333858309712774,4.60992,1.0,161.9858643364891,-2.588,-10.655,17,12,7.0,337.05765328016713,0.4435509390884176,70,True,True,True,True,True,False
11309532_b3lyp_1,1.4491335,159.0320284,57.93,2.358184398148148,4.04716,1.0,161.9858643364891,-2.603,-10.617,17,12,5.0,337.05765328016713,0.44357019138868004,69,True,True,True,True,True,False
11309532_b3lyp,0.9699321,134.036779432,34.14,2.512937407407408,1.16859,1.0,138.9660369040557,-2.074,-10.321,16,10,5.0,399.9123413442124,0.40568705819960504,134,True,True,True,True,True,False
11228886_b3lyp_prop_2,1.0978556,188.083729624,34.14,3.698864317838246,2.76039,1.0,205.51351670672253,-1.816,-10.185,26,14,7.0,284.9952114201855,0.33867649677051553,295,True,True,True,True,True,False
11228886_b3lyp_prop_0,1.0448756,188.083729624,34.14,3.669481052532124,2.0079,1.0,205.51351670672253,-1.842,-9.901,26,14,6.0,284.9952114201855,0.32902707102550516,319,True,True,True,True,True,False
11228886_b3lyp_3,1.3305944,175.063328528,57.93,2.4753316562736205,3.75107,1.0,181.91830766315584,-2.45,-10.833,22,13,6.0,306.19183777438303,0.3977237934195154,156,True,True,True,True,True,False
11228886_b3lyp_2,1.354111,175.063328528,57.93,2.4961756330309903,4.6978,1.0,181.91830766315584,-2.455,-10.835,22,13,7.0,306.19183777438303,0.4020069235884302,142,True,True,True,True,True,False
11228886_b3lyp_1,1.4024571,175.063328528,57.93,2.432625925925925,3.9196,1.0,181.91830766315584,-2.431,-10.805,22,13,5.0,306.19183777438303,0.41081237736574344,121,True,True,True,True,True,False
11228886_b3lyp,0.8711126,150.06807956,34.14,2.762398333333333,1.25232,1.0,158.89848023072238,-1.912,-10.359,21,11,5.0,357.1909659006293,0.3541153496585753,251,True,True,True,True,True,False
11122_b3lyp_prop_2,1.040686,160.052429496,34.14,2.714422811791384,2.73918,1.0,170.92154745498905,-1.842,-10.208,20,12,6.0,334.90876994296747,0.3674894762907748,219,True,True,True,True,True,False
11122_b3lyp_prop_0,1.092311,160.052429496,34.14,2.703004709939531,1.95029,1.0,170.92154745498905,-1.88,-9.856,20,12,6.0,334.90876994296747,0.37689212390525384,198,True,True,True,True,True,False
11122_b3lyp_2,1.4121214,147.0320284,57.93,1.5568849537037035,3.73536,1.0,147.3263384114224,-2.491,-10.981,16,11,5.0,364.56657010173495,0.4584474382635284,50,True,True,True,True,True,False
11122_b3lyp_1,1.4247786,147.0320284,57.93,1.5529538605442177,4.56609,1.0,147.3263384114224,-2.498,-10.978,16,11,6.0,364.56657010173495,0.4607527373071838,47,True,True,True,True,True,False
11122_b3lyp_0,1.4143559,147.0320284,57.93,1.556104768518518,3.86966,1.0,147.3263384114224,-2.481,-10.98,16,11,5.0,364.56657010173495,0.4588543889757324,49,True,True,True,True,True,False
11122_b3lyp,0.7642579,122.036779432,34.14,1.7475331481481482,1.17056,1.0,124.30651097898904,-1.943,-10.483,15,9,5.0,439.2361265052635,0.39913022247105107,153,True,True,True,True,True,False
11040862_b3lyp_prop_2,1.2514246,188.047344116,51.21,2.629452692743764,5.57599,1.0,194.3713000806169,-2.226,-10.361,22,14,7.0,285.05035548825964,0.3666898785454938,224,True,True,True,True,True,False
11040862_b3lyp_prop_1,1.2410153,188.047344116,51.21,2.6163499976379434,4.81689,1.0,194.3713000806169,-2.233,-10.349,22,14,8.0,285.05035548825964,0.36479401870796174,231,True,True,True,True,True,False
11040862_b3lyp_prop_0,1.2458768,188.047344116,51.21,2.644720438397581,2.54,1.0,194.3713000806169,-2.118,-10.212,22,14,6.0,285.05035548825964,0.36567944570610017,228,True,True,True,True,True,False
11040862_b3lyp_2,1.5905496,175.02694302,75.0,1.5356647401738472,2.41405,1.0,170.77609103705026,-2.857,-10.869,18,13,6.0,306.2554905204725,0.44512034843388515,68,True,True,True,True,True,False
11040862_b3lyp_1,1.6264346,175.02694302,75.0,1.5022710317460315,3.5324,1.0,170.77609103705026,-2.865,-10.865,18,13,7.0,306.2554905204725,0.45165620634976344,61,True,True,True,True,True,False
11040862_b3lyp_0,1.7132477,175.02694302,75.0,1.5870387962962955,4.32552,1.0,170.77609103705026,-2.741,-10.818,18,13,5.0,306.2554905204725,0.4674677688879104,44,True,True,True,True,True,False
11040862_b3lyp,0.74121237,150.031694052,51.21,1.6284765740740736,3.30465,1.0,147.75626360461683,-2.376,-10.502,17,11,5.0,357.2775914288514,0.33052425623335185,313,True,True,True,True,True,False
11029986_b3lyp_prop_2,1.1009843,186.06807956,34.14,3.7978945944349967,2.68034,1.0,202.8770580059225,-1.894,-10.24,24,14,8.0,288.0825255769028,0.3416725690230915,283,True,True,True,True,True,False
11029986_b3lyp_prop_1,1.0957031,186.06807956,34.14,3.801406273935501,1.73133,1.0,202.8770580059225,-1.891,-10.238,24,14,9.0,288.0825255769028,0.34071068416686745,286,True,True,True,True,True,False
11029986_b3lyp_prop_0,1.1176715,186.06807956,34.14,3.7792574149659854,1.87905,1.0,202.8770580059225,-1.93,-9.936,24,14,7.0,288.0825255769028,0.34471185456367226,273,True,True,True,True,True,False
11029986_b3lyp_4,1.430772,173.047678464,57.93,2.5979875529100527,3.56934,1.0,179.28184896235584,-2.531,-10.718,20,13,7.0,309.75834385458217,0.4187722643834344,106,True,True,True,True,True,False
11029986_b3lyp_3,1.4408777,173.047678464,57.93,2.6068047730064245,4.25245,1.0,179.28184896235584,-2.538,-10.723,20,13,8.0,309.75834385458217,0.42061285581409846,101,True,True,True,True,True,False
11029986_b3lyp_2,1.4625314,173.047678464,57.93,2.5749360591458803,3.77157,1.0,179.28184896235584,-2.456,-10.717,20,13,6.0,309.75834385458217,0.4245567461472741,92,True,True,True,True,True,False
11029986_b3lyp,0.88048863,148.052429496,34.14,2.8375293357898714,0.829545,1.0,156.26202152992238,-1.998,-10.39,19,11,6.0,362.05391881351807,0.3596446777274592,240,True,True,True,True,True,False
10986586_b3lyp_prop_3,0.874449,202.008850432,62.38,2.0911604652725284,3.34365,2.0,180.83363873685585,-2.03,-9.554,20,14,7.0,265.3495734184808,0.28254780331378637,406,True,True,True,True,True,False
10986586_b3lyp_prop_2,1.0434672,202.008850432,62.38,2.1603392789955485,2.45793,2.0,180.83363873685585,-1.979,-9.242,20,14,7.0,265.3495734184808,0.31333166518932043,362,True,True,True,True,True,False
10986586_b3lyp_prop_1,1.0884601,202.008850432,62.38,2.090061914630049,1.76364,2.0,180.83363873685585,-1.991,-9.667,20,14,7.0,265.3495734184808,0.3215263799739426,342,True,True,True,True,True,False
10986586_b3lyp_2,1.0803354,188.988449336,86.16999999999999,0.5173040527630808,2.80758,2.0,157.23842969328916,-2.552,-10.301,16,13,6.0,283.6308910794274,0.33441331162430055,303,True,False,True,True,False,False
10986586_b3lyp_1,1.3776338,188.988449336,86.16999999999999,0.6410238499412109,3.73045,2.0,157.23842969328916,-2.418,-10.198,16,13,6.0,283.6308910794274,0.3885613150832773,168,True,False,True,True,False,False
10986586_b3lyp_0,1.4476148,188.988449336,86.16999999999999,0.8159369707944906,4.87446,2.0,157.23842969328916,-2.557,-10.102,16,13,6.0,283.6308910794274,0.4013071723220468,145,True,False,True,True,False,False
10986586_b3lyp,0.90499866,163.993200368,62.38,1.2624733539094648,1.34512,2.0,134.21860226085573,-2.095,-9.784,15,11,5.0,326.86088306468855,0.33645169453451895,299,True,True,True,True,True,False
10419488_b3lyp_prop_2,0.9581182,200.047344116,47.28,3.0497427978552536,2.50188,2.0,188.41082600568365,-1.799,-9.486,23,15,8.0,267.951381837924,0.2998314374528467,385,True,True,True,True,True,False
10419488_b3lyp_prop_1,1.1558863,200.047344116,47.28,3.038399713718821,2.92398,2.0,188.41082600568365,-1.832,-9.583,23,15,7.0,267.951381837924,0.3358516269765436,302,True,True,True,True,True,False
10419488_b3lyp_2,1.1375687,187.02694302,71.07,1.6842805640589569,4.25931,2.0,164.81561696211693,-2.307,-10.623,19,14,7.0,286.60556293836646,0.34717511898287257,267,True,True,True,True,True,False
10419488_b3lyp_1,1.2857281,187.02694302,71.07,1.6554185695389267,2.69346,2.0,164.81561696211693,-2.272,-10.705,19,14,6.0,286.60556293836646,0.3741599000097128,202,True,True,True,True,True,False
10419488_b3lyp_0,1.4246913,187.02694302,71.07,1.808402793839757,4.51657,2.0,164.81561696211693,-2.43,-10.599,19,14,6.0,286.60556293836646,0.3994697458148809,151,True,True,True,True,True,False
10419488_b3lyp,0.9505981,162.031694052,47.28,2.014626435185185,1.20283,2.0,141.79578952968347,-1.93,-10.24,18,12,5.0,330.8177613182663,0.34786647135362986,264,True,True,True,True,True,False
10281_b3lyp_prop_1,0.9920218,202.099379688,34.14,3.983850358087679,2.18011,1.0,222.80950133258915,-1.73,-9.83,29,15,6.0,265.2307116015936,0.3038683308016967,379,True,True,True,True,True,False
10281_b3lyp_prop_0,1.0094341,202.099379688,34.14,4.00181552154195,2.3914,1.0,222.80950133258915,-1.63,-9.756,29,15,7.0,265.2307116015936,0.3070397002350997,373,True,True,True,True,True,False
10281_b3lyp_0,1.2834195,189.078978592,57.93,2.797152443310657,4.1774,1.0,199.21429228902247,-2.208,-10.741,25,14,6.0,283.4950912473189,0.3712949982269207,207,True,True,True,True,True,False
10281_b3lyp,0.77739835,164.083729624,34.14,3.070449074074073,0.343095,1.0,176.19446485658904,-1.761,-10.277,24,12,6.0,326.6805454247095,0.3130696748836571,364,True,False,True,True,False,False
102182508_b3lyp_prop_7,1.1779174,210.06807956,34.14,4.127218546390778,2.54212,2.0,222.476109856056,-1.849,-9.489,26,16,8.0,255.16947839559185,0.32981933500128974,317,True,True,True,True,True,False
102182508_b3lyp_prop_4,1.1781627,210.06807956,34.14,3.968520633660872,2.24549,2.0,222.476109856056,-1.902,-9.188,26,16,9.0,255.16947839559185,0.3298640086825489,316,True,True,True,True,True,False
102182508_b3lyp_prop_3,1.1315016,210.06807956,34.14,3.9443803283257743,1.46735,2.0,222.476109856056,-1.868,-8.995,26,16,8.0,255.16947839559185,0.32112614012725565,343,True,True,True,True,True,False
102182508_b3lyp_prop_2,1.1207161,210.06807956,34.14,4.432582360638699,1.48238,2.0,222.476109856056,-1.879,-9.484,26,16,7.0,255.16947839559185,0.3194010689433216,348,True,True,True,True,True,False
102182508_b3lyp_prop_1,1.1266505,210.06807956,34.14,3.9443803283257743,1.48713,2.0,222.476109856056,-1.868,-8.997,26,16,8.0,255.16947839559185,0.32026695993226123,346,True,True,True,True,True,False
102182508_b3lyp_prop_0,1.1775794,210.06807956,34.14,3.968520633660872,2.24257,2.0,222.476109856056,-1.903,-9.184,26,16,9.0,255.16947839559185,0.32975777830439795,318,True,True,True,True,True,False
102182508_b3lyp_6,1.4643774,197.047678464,57.93,2.8928220455404388,3.71912,2.0,198.88090081248924,-2.474,-9.79,22,15,7.0,272.0304177482709,0.39524376843695297,163,True,True,True,True,True,False
102182508_b3lyp_5,1.3956393,197.047678464,57.93,2.9139866970584527,4.54084,2.0,198.88090081248924,-2.477,-9.805,22,15,8.0,272.0304177482709,0.382724259836718,180,True,True,True,True,True,False
102182508_b3lyp_4,1.6632305,197.047678464,57.93,2.8502293386243385,3.77562,2.0,198.88090081248924,-2.459,-9.793,22,15,6.0,272.0304177482709,0.4314615771604027,87,True,True,True,True,True,False
102182508_b3lyp_3,1.2115905,197.047678464,57.93,2.561091083553792,3.53319,2.0,198.88090081248924,-2.228,-10.129,22,15,8.0,272.0304177482709,0.349202816231295,262,True,True,True,True,True,False
102182508_b3lyp_1,1.193804,197.047678464,57.93,2.91390125,3.71622,2.0,198.88090081248924,-2.236,-10.112,22,15,6.0,272.0304177482709,0.34596330378775253,271,True,True,True,True,True,False
102182508_b3lyp_0,1.3210074,197.047678464,57.93,2.530739644746787,3.86434,2.0,198.88090081248924,-2.147,-10.059,22,15,7.0,272.0304177482709,0.3691313013864006,211,True,True,True,True,True,False
102182508_b3lyp,1.1407517,172.052429496,34.14,3.1852704761904764,1.00093,2.0,175.8610733800558,-1.946,-9.564,21,13,6.0,311.55016204020006,0.36735801607336815,221,True,True,True,True,True,False
102160488_b3lyp_prop_3,1.6931918,200.047344116,51.21,2.024849006046863,2.82,2.0,199.31082600568365,-2.196,-10.24,23,15,7.0,267.951381837924,0.4337129467568933,84,True,True,True,True,True,False
102160488_b3lyp_prop_2,1.8956834,200.047344116,51.21,2.003189498535525,5.52353,2.0,199.31082600568365,-2.22,-10.284,23,15,8.0,267.951381837924,0.4705934697232782,39,True,True,True,True,True,False
102160488_b3lyp_prop_1,1.7122773,200.047344116,51.21,2.0326755990173844,3.46888,2.0,199.31082600568365,-2.299,-10.021,23,15,7.0,267.951381837924,0.4371890598378717,80,True,True,True,True,True,False
102160488_b3lyp_prop_0,1.7271446,200.047344116,51.21,2.04399652494331,4.53412,2.0,199.31082600568365,-2.233,-10.277,23,15,7.0,267.951381837924,0.4398968988500177,77,True,True,True,True,True,False
102160488_b3lyp_2,2.012872,187.02694302,75.0,0.925890961829176,5.89214,2.0,175.71561696211694,-2.817,-10.749,19,14,6.0,286.60556293836646,0.5065971142650457,21,True,False,True,True,False,False
102160488_b3lyp_1,2.1655028,187.02694302,75.0,0.8792677768329551,3.39809,2.0,175.71561696211694,-2.813,-10.759,19,14,7.0,286.60556293836646,0.5343963033557745,9,True,True,True,False,False,False
102160488_b3lyp_0,1.8691489,187.02694302,75.0,0.6896787698412696,5.10901,2.0,175.71561696211694,-2.683,-10.782,19,14,6.0,286.60556293836646,0.4804203636051031,29,True,False,True,True,False,False
102160488_b3lyp,1.0602916,162.031694052,51.21,1.0528958796296293,3.54056,2.0,152.69578952968348,-2.344,-10.397,18,12,5.0,330.8177613182663,0.36784533733473185,216,True,True,True,True,True,False
10154120_b3lyp_prop_2,1.1582098,184.052429496,34.14,3.3874765906084656,3.14408,1.0,200.2405993051225,-1.87,-10.103,22,14,8.0,291.2374611716486,0.35457460940935065,248,True,True,True,True,True,False
10154120_b3lyp_prop_1,1.1797116,184.052429496,34.14,3.3800046360859155,0.00362977,1.0,200.2405993051225,-1.865,-10.101,22,14,9.0,291.2374611716486,0.35849079848386695,242,True,False,True,True,False,False
10154120_b3lyp_prop_0,1.3158457,184.052429496,34.14,3.391981243386243,2.88056,1.0,200.2405993051225,-1.927,-9.469,22,14,7.0,291.2374611716486,0.38328539193727423,178,True,True,True,True,True,False
10154120_b3lyp_1,1.5870945,171.0320284,57.93,2.2192010189909297,6.13238,1.0,176.64539026155586,-2.475,-10.603,18,13,8.0,313.4089140516145,0.45011272053354745,62,True,False,True,True,False,False
10154120_b3lyp_0,1.6210679,171.0320284,57.93,2.253672413076341,4.14182,1.0,176.64539026155586,-2.46,-10.534,18,13,6.0,313.4089140516145,0.4563003979169703,56,True,True,True,True,True,False
10154120_b3lyp,1.1369348,146.036779432,34.14,2.3972125803099016,2.43064,1.0,153.62556282912243,-1.968,-10.283,17,11,6.0,367.05111203748754,0.4102792494575538,123,True,True,True,True,True,False
101355_b3lyp_prop_1,1.1886984,190.06299418,43.370000000000005,2.9589498771730915,2.7571,1.0,197.00775878141687,-1.9,-9.098,24,14,7.0,282.0273484596584,0.3528896668546482,256,True,True,True,True,True,False
101355_b3lyp_prop_0,1.2656618,190.06299418,43.370000000000005,2.928851113709372,3.24379,1.0,197.00775878141687,-1.852,-9.802,24,14,8.0,282.0273484596584,0.366907293497829,223,True,True,True,True,True,False
101355_b3lyp_1,1.5511101,177.04259308399998,67.16,1.8580363605442167,7.40772,1.0,173.41254973785024,-2.44,-10.347,20,13,6.0,302.7687369188968,0.4351969658615415,83,True,False,True,True,False,False
101355_b3lyp_0,1.5861455,177.04259308399998,67.16,1.805900819160997,6.44199,1.0,173.41254973785024,-2.462,-10.406,20,13,7.0,302.7687369188968,0.4415780901195829,74,True,False,True,True,False,False
101355_b3lyp,1.0885391,152.04734411599998,43.370000000000005,1.9559801851851848,3.95246,1.0,150.39272230541678,-1.936,-10.031,19,11,5.0,352.5412600958956,0.3900619491230911,167,True,True,True,True,True,False
